mint,t0_ts,dune_max_buy_usd,dune_max_buy_sol,dune_implied_usd_per_sol,oracle_px,oracle_source,live_amount_usd_sol_x_oracle,live_over_dune_usd,buy_vol_train,buy_vol_live_parity,n_trades_pre_t0_parity,plan
69xneXbByUnx7WtEC7tqHHo1NJoXJqM9dNFYYu8pump,2026-09-22 16:55:10.000 UTC,14771.44204631545,125.660927659,117.55,118.87215319676594,FALLBACK:coingecko_asof,14937.58504352837,1.011247581427188,24879.92336275765,25201.686299605244,2,A_live_sol_x_pyth_asof_match_dune_semantics
BZofTtkyrBM2EDdRBN6GCavdWvxd61xbLTVFnoPgpump,2026-09-22 15:29:59.000 UTC,18710.4,160.0,116.94000000000001,118.87215319676594,FALLBACK:coingecko_asof,19019.54451148255,1.0165226030166403,28770.20548812558,10104.922843615972,1,A_live_sol_x_pyth_asof_match_dune_semantics
4M3gYZ2dQ39KuBuJYVmQi5qrtFfMpMWHpJhhx7Wapump,2026-09-22 07:03:04.000 UTC,336509.76,2888.0,116.52000000000001,118.87215319676594,FALLBACK:coingecko_asof,343302.77843226003,1.0201866906691206,346531.10443732166,10104.922843615972,1,A_live_sol_x_pyth_asof_match_dune_semantics
wbf55KygjChmSMkTeVTmQ3j7vuGqVdKQbdRfg6epump,2026-09-22 06:42:20.000 UTC,348789.24,2988.0,116.73,118.87215319676594,FALLBACK:coingecko_asof,355189.9937519366,1.0183513509531905,358828.6455627236,365413.78874874936,2,A_live_sol_x_pyth_asof_match_dune_semantics
2ahcm3vhbPTi7WzECWW7Jb7uP4mEyVRCHsRTzvaDpump,2026-09-22 06:21:58.000 UTC,407109.2,3496.0,116.45,118.87215319676594,FALLBACK:coingecko_asof,415577.0475758937,1.0207999415780673,417124.5240621877,425800.84257270646,2,A_live_sol_x_pyth_asof_match_dune_semantics
4X9d1Mc1cXJUFXtADbAuMkQniK9411dvAP1ovCFopump,2026-09-22 06:05:17.000 UTC,466574.6114913,3996.698745,116.74,118.87215319676594,FALLBACK:coingecko_asof,475096.18549696216,1.0182641185263486,476614.8771076142,485319.9804937749,2,A_live_sol_x_pyth_asof_match_dune_semantics
G4G4cN8BLGaDe7yS7KSwegFDPACaBbM2d1ZFXYhMpump,2026-09-22 05:50:37.000 UTC,467566.1,3998.0,116.94999999999999,118.87215319676594,FALLBACK:coingecko_asof,475250.8684806702,1.0164356835978277,477624.4267417162,485474.663477483,2,A_live_sol_x_pyth_asof_match_dune_semantics
2DU2GNLBhXg2GqkgCnDf6uFWREp9dFeUhU1SRmT2pump,2026-09-22 03:54:37.000 UTC,197057.12,1688.0,116.74,118.87215319676594,FALLBACK:coingecko_asof,200656.1945961409,1.0182641185263486,207097.38561631416,210879.9895929536,2,A_live_sol_x_pyth_asof_match_dune_semantics
wXcbD8Sr23SoN1J8zE7i6Js4EaoCDAFWkUhdoe8pump,2026-09-22 03:16:47.000 UTC,13729.0994932718,117.745278673,116.60000000000001,118.87215319676594,FALLBACK:coingecko_asof,13996.634804612753,1.0194867341060543,23755.8874260422,24250.70907403112,2,A_live_sol_x_pyth_asof_match_dune_semantics
2hCEWYZcFZNWV59a6Coyo3czTa9MMpdjxnVhXagjpump,2026-09-22 01:41:06.000 UTC,7616.04384643776,64.773293472,117.58,118.87215319676594,FALLBACK:coingecko_asof,7699.740864662664,1.0109895662252588,25228.5410196028,17908.89540161765,4,A_live_sol_x_pyth_asof_match_dune_semantics
6mCCo1Abfz2riT4UcgaVq4Hs5ZGxYjgxjhizDfnfpump,2026-09-22 00:22:37.000 UTC,165823.65,1395.0,118.86999999999999,118.87215319676594,FALLBACK:coingecko_asof,165826.65370948848,1.000018113878741,176058.99403110557,176062.33592162092,3,A_live_sol_x_pyth_asof_match_dune_semantics
56ofoyzfMaGwzgeeTsTchJuVM8Trx5GHhW9pxh9Jpump,2026-09-21 19:19:59.000 UTC,175649.58,1494.0,117.57,111.15414771124425,FALLBACK:coingecko_asof,166064.2966805989,0.9454295118758548,185761.23006433147,175624.2919249361,2,A_live_sol_x_pyth_asof_match_dune_semantics
