feature,src,n,median,mean,p90,p10
buy_vol_usd_60s,train_oos_ge0.99,4959,59145.52088962301,103295.28103942252,214410.0590563879,25789.71155315083
age_s,train_oos_ge0.99,4959,0.0,969.4271022383545,0.0,0.0
age_min,train_oos_ge0.99,4959,0.0,16.157118370840895,0.0,0.0
buy_count_total,train_oos_ge0.99,4860,5.0,5.672633744855967,10.0,3.0
sniper_vol_share_5s,train_oos_ge0.99,4860,1.0,0.9991928589526197,1.0,1.0
progress_curve_proxy,train_oos_ge0.99,4860,1.000063047729412,0.9998570517927842,1.000063047729412,1.000063047729412
net_sol_curve,train_oos_ge0.99,4860,85.005359057,84.98784940238662,85.005359057,85.005359057
first5_buy_vol_share,train_oos_ge0.99,4860,1.0,0.9982123122270085,1.0,0.9981324164760392
creator_prior_mints_7d,train_oos_ge0.99,4959,0.0,0.16011292599314378,0.0,0.0
creator_prior_mints_30d,train_oos_ge0.99,4959,0.0,0.18592458156886468,0.0,0.0
unique_buyers_first_5s,train_oos_ge0.99,4860,4.0,4.853086419753087,9.0,2.0
buy_vol_usd_30s,train_oos_ge0.99,4860,57813.51009047865,95635.35907437855,202374.06363712662,23868.67974216871
max_buy_usd,train_oos_ge0.99,4860,49118.51,86523.06853057921,193605.16031086844,13812.958484524725
buy_vol_usd_60s,live_journal_complete,804,183.0382894662437,1633.2005209603442,5023.8436029657905,0.0
age_s,live_journal_complete,804,44.7268205,1443209.6850453333,225848.06036690064,10.5845177
age_min,live_journal_complete,804,0.7454470083333333,24053.494750755555,3764.1343394483442,0.17640862833333332
buy_count_total,live_journal_complete,804,23.0,38.51865671641791,98.0,1.0
sniper_vol_share_5s,live_journal_complete,769,0.5055155423907803,0.5258812468902185,1.0,0.008342301240778944
progress_curve_proxy,live_journal_complete,804,0.011821335220918135,0.10246299803706219,0.2917799983587656,0.0
net_sol_curve,live_journal_complete,804,0.991109958,15.613611251204597,23.987428157100013,-1.250349959899999
first5_buy_vol_share,live_journal_complete,769,0.4051730580319068,0.5243715013381941,1.0,0.059565660342000386
creator_prior_mints_7d,live_journal_complete,804,14.0,83.73383084577114,216.0,0.0
creator_prior_mints_30d,live_journal_complete,804,23.5,130.99751243781094,448.10000000000014,0.0
unique_buyers_first_5s,live_journal_complete,804,2.0,8.233830845771145,25.0,1.0
buy_vol_usd_30s,live_journal_complete,804,91.12073544672,1336.4600597201963,4622.502079484419,0.0
max_buy_usd,live_journal_complete,769,232.20580313459797,351.50205237891623,871.5353348948814,11.313901965842302
