mint,d_score_store_minus_live,buy_vol_ratio,d_from_A,d_from_B,d_from_C,residual_after_B,residual_after_C,n_trades_live,train_buys,buy_vol_train,buy_vol_live,priors,fetch_mode
69xneXbByUnx7WtEC7tqHHo1NJoXJqM9dNFYYu8pump,8.813318518097191e-05,1.0009393838591245,0.0,0.0,0.0,-8.813318518097191e-05,-8.813318518097191e-05,3,3,24879.92336275765,24903.29516118088,0,enhanced+rpc(+slot)_fallback
BZofTtkyrBM2EDdRBN6GCavdWvxd61xbLTVFnoPgpump,2.194887272277679e-05,0.9971749517119669,0.0,0.0,0.0,-2.194887272266577e-05,-2.194887272266577e-05,4,4,28770.20548812558,28688.92826836499,0,dump_parse_by_sig
4M3gYZ2dQ39KuBuJYVmQi5qrtFfMpMWHpJhhx7Wapump,7.198948857034537e-06,0.9901092007504743,0.0,0.0,0.0,-7.198948857034537e-06,-7.198948857034537e-06,3,3,346531.10443732166,343103.6348496157,6,dump_parse_by_sig
wbf55KygjChmSMkTeVTmQ3j7vuGqVdKQbdRfg6epump,6.869006785592546e-06,0.9900068156005846,0.0,0.0,0.0,-6.869006785592546e-06,-6.869006785592546e-06,3,3,358828.6455627236,355242.80473982287,5,enhanced+rpc(+slot)_fallback
2ahcm3vhbPTi7WzECWW7Jb7uP4mEyVRCHsRTzvaDpump,2.9723529108349744e-05,0.9904878643273072,0.0,4.162643501470775e-05,4.162643501470775e-05,1.1902905906246986e-05,1.1902905906246986e-05,3,3,417124.5240621877,413156.7789969008,0,enhanced+rpc(+slot)_fallback
4X9d1Mc1cXJUFXtADbAuMkQniK9411dvAP1ovCFopump,0.0,0.989789559159324,0.0,1.0167839100350129e-05,1.0167839100350129e-05,1.0167839100239107e-05,1.0167839100239107e-05,3,3,476614.8771076142,471748.4291011208,0,enhanced+rpc(+slot)_fallback
G4G4cN8BLGaDe7yS7KSwegFDPACaBbM2d1ZFXYhMpump,0.0,0.9898817931463608,0.0,1.0167839100350129e-05,1.0167839100350129e-05,1.0167839100239107e-05,1.0167839100239107e-05,3,3,477624.4267417162,472791.7239935927,0,enhanced+rpc(+slot)_fallback
2DU2GNLBhXg2GqkgCnDf6uFWREp9dFeUhU1SRmT2pump,-3.030947812032725e-05,0.9898278317977424,0.0,0.0,0.0,3.030947812032725e-05,3.030947812032725e-05,3,3,207097.38561631416,204990.7561755772,3,enhanced+rpc(+slot)_fallback
wXcbD8Sr23SoN1J8zE7i6Js4EaoCDAFWkUhdoe8pump,5.539665871523436e-05,0.9989317620585664,0.0,0.0,0.0,-5.539665871523436e-05,-5.539665871523436e-05,3,3,23755.8874260422,23730.51048576128,0,enhanced+rpc(+slot)_fallback
2hCEWYZcFZNWV59a6Coyo3czTa9MMpdjxnVhXagjpump,0.0024527147907758007,0.6991598959847679,0.0029382602085947784,0.014630555359201547,0.014630555359201547,0.012177840568425746,0.012177840568425746,4,6,25228.5410196028,17638.784115112943,0,enhanced+rpc(+slot)_fallback
6mCCo1Abfz2riT4UcgaVq4Hs5ZGxYjgxjhizDfnfpump,0.0,0.9921076995587927,0.0,0.0,0.0,-1.1102230246251565e-16,-1.1102230246251565e-16,4,4,176058.99403110557,174669.48355483537,4,enhanced+rpc(+slot)_fallback
56ofoyzfMaGwzgeeTsTchJuVM8Trx5GHhW9pxh9Jpump,0.0,0.9938369070386434,0.0,0.0,0.0,-1.1102230246251565e-16,-1.1102230246251565e-16,3,3,185761.23006433147,184616.36633482904,5,enhanced+rpc(+slot)_fallback
