mint,dump_score,target,d_score,n_trades,n_trades_target,buy60,buy60_target,score_match,buy_match,fetch_mode
69xneXbByUnx7WtEC7tqHHo1NJoXJqM9dNFYYu8pump,0.6949701878264292,0.9994030624774972,-0.30443287465106805,1,3,10001.85712455884,24903.29516118088,False,False,enhanced+rpc(+slot)_fallback
BZofTtkyrBM2EDdRBN6GCavdWvxd61xbLTVFnoPgpump,0.9997958937369965,0.9997958937369964,1.1102230246251565e-16,4,4,28688.928268364987,28688.92826836499,True,True,dump_parse_by_sig
4M3gYZ2dQ39KuBuJYVmQi5qrtFfMpMWHpJhhx7Wapump,0.9998384816914451,0.9998384816914452,-1.1102230246251565e-16,3,3,343103.6348496157,343103.6348496157,True,True,dump_parse_by_sig
wbf55KygjChmSMkTeVTmQ3j7vuGqVdKQbdRfg6epump,0.5300748959753415,0.9998458854854944,-0.46977098951015284,1,3,9918.971315280738,355242.80473982287,False,False,enhanced+rpc(+slot)_fallback
2ahcm3vhbPTi7WzECWW7Jb7uP4mEyVRCHsRTzvaDpump,0.6949701878264292,0.9997961282266884,-0.30482594040025923,1,3,9900.373744405726,413156.7789969008,False,False,enhanced+rpc(+slot)_fallback
4X9d1Mc1cXJUFXtADbAuMkQniK9411dvAP1ovCFopump,0.6949701878264292,0.9998258517557967,-0.3048556639293676,1,3,9918.319454579942,471748.4291011208,False,False,enhanced+rpc(+slot)_fallback
G4G4cN8BLGaDe7yS7KSwegFDPACaBbM2d1ZFXYhMpump,0.6949701878264292,0.9998258517557967,-0.3048556639293676,1,3,9937.087777451288,472791.7239935927,False,False,enhanced+rpc(+slot)_fallback
2DU2GNLBhXg2GqkgCnDf6uFWREp9dFeUhU1SRmT2pump,0.5418114230886193,0.99984894565467,-0.4580375225660507,1,3,9916.025142251696,204990.7561755772,False,False,enhanced+rpc(+slot)_fallback
wXcbD8Sr23SoN1J8zE7i6Js4EaoCDAFWkUhdoe8pump,0.6949701878264292,0.9994030624774972,-0.30443287465106805,1,3,9901.124132057592,23730.51048576128,False,False,enhanced+rpc(+slot)_fallback
2hCEWYZcFZNWV59a6Coyo3czTa9MMpdjxnVhXagjpump,0.490992779253964,0.9929091058075268,-0.5019163265535628,5,4,10009.919899544497,17638.784115112943,False,False,enhanced+rpc(+slot)_fallback
6mCCo1Abfz2riT4UcgaVq4Hs5ZGxYjgxjhizDfnfpump,0.5733110582686363,0.9998458854854944,-0.4265348272168581,1,4,10119.244444547134,174669.48355483537,False,False,enhanced+rpc(+slot)_fallback
56ofoyzfMaGwzgeeTsTchJuVM8Trx5GHhW9pxh9Jpump,0.5300748959753415,0.9998458854854944,-0.46977098951015284,1,3,10026.386689440902,184616.36633482904,False,False,enhanced+rpc(+slot)_fallback
