mint,band,t0_ts,oos_score,train_store_rescore,live_rebuild_score,before_recovery_score,before_n_trades_pre_t0,delta_oos_minus_live,buy_vol_train,buy_vol_live,buy_n_live,n_trades_pre_t0,n_txs_le_t0,train_buy_count_total,sol_usd,sol_usd_source,fetch_mode,prior_source,n_priors,pass_ge_0.99,pass_ge_0.89,is_fail_recovery_target,gaps,helius_calls
69xneXbByUnx7WtEC7tqHHo1NJoXJqM9dNFYYu8pump,high_ge0.99,2026-09-22 16:55:10.000 UTC,0.9994911956626782,0.9994911956626782,0.9994030624774972,0.9994030624774972,2,8.813318518097191e-05,24879.92336275765,24903.295161180882,3,3,14,3.0,117.6597101,pyth_asof,enhanced+rpc(+slot)_fallback,train_store_v1,0,True,True,False,"['sol=117.6597/pyth_asof', 'usd_reason=pyth_asof', 'dump_sigs=2 parsed=2', 'fallback:regressed_below_0.99', 'helius_bc:pages=1 stop=short_page', 'helius_mint:pages=20 stop=max_pages', 'helius_merged n=1784 le_t0=2 floor=1790096105', 'rpc_bc_window n_sigs=2 new=0 pages_reason=short_reached@page1', 'rpc_mint_window n_sigs=14 new=12 pages_reason=short_reached@page8', 'getBlock_449438703_n=1128_new=1128', 'getBlock_449438704_n=1544_new=1544', 'getBlock_449438705_n=1459_new=1459']",70
BZofTtkyrBM2EDdRBN6GCavdWvxd61xbLTVFnoPgpump,high_ge0.99,2026-09-22 15:29:59.000 UTC,0.9998178426097192,0.9998178426097191,0.9997958937369965,0.7307414447202645,1,2.194887272266577e-05,28770.20548812558,28688.92826836499,4,4,14,4.0,117.36915302,pyth_asof,dump_parse_by_sig,train_store_v1,0,True,True,True,"['sol=117.3692/pyth_asof', 'usd_reason=pyth_asof', 'dump_sigs=14 parsed=14']",71
4M3gYZ2dQ39KuBuJYVmQi5qrtFfMpMWHpJhhx7Wapump,high_ge0.99,2026-09-22 07:03:04.000 UTC,0.9998456806403022,0.9998456806403022,0.9998384816914451,0.5733110582686363,1,7.1989488571455595e-06,346531.10443732166,343103.6348496157,3,3,5,3.0,116.48570699,pyth_asof,dump_parse_by_sig,train_store_v1,6,True,True,True,"['sol=116.4857/pyth_asof', 'usd_reason=pyth_asof', 'dump_sigs=5 parsed=5']",72
wbf55KygjChmSMkTeVTmQ3j7vuGqVdKQbdRfg6epump,high_ge0.99,2026-09-22 06:42:20.000 UTC,0.99985275449228,0.99985275449228,0.9998458854854945,0.9998458854854944,2,6.869006785481524e-06,358828.6455627236,355242.80473982287,3,3,13,3.0,116.68465915,pyth_asof,enhanced+rpc(+slot)_fallback,train_store_v1,5,True,True,False,"['sol=116.6847/pyth_asof', 'usd_reason=pyth_asof', 'dump_sigs=2 parsed=2', 'fallback:regressed_below_0.99', 'helius_bc:pages=1 stop=short_page', 'helius_mint:pages=15 stop=short_page', 'helius_merged n=1410 le_t0=9 floor=1790059335', 'rpc_bc_window n_sigs=3 new=1 pages_reason=short_reached@page1', 'rpc_mint_window n_sigs=13 new=3 pages_reason=short_reached@page2', 'getBlock_449300842_n=1002_new=1002', 'getBlock_449300843_n=1066_new=1066', 'getBlock_449300844_n=1227_new=1227']",132
2ahcm3vhbPTi7WzECWW7Jb7uP4mEyVRCHsRTzvaDpump,high_ge0.99,2026-09-22 06:21:58.000 UTC,0.9998258517557967,0.9998258517557969,0.9997961282266884,0.9998258517557967,2,2.9723529108349744e-05,417124.5240621877,413156.77899690083,3,3,18,3.0,116.4658813,pyth_asof,enhanced+rpc(+slot)_fallback,train_store_v1,0,True,True,False,"['sol=116.4659/pyth_asof', 'usd_reason=pyth_asof', 'dump_sigs=2 parsed=2', 'fallback:regressed_below_0.99', 'helius_bc:pages=1 stop=short_page', 'helius_mint:pages=11 stop=short_page', 'helius_merged n=1058 le_t0=11 floor=1790058113', 'rpc_bc_window n_sigs=3 new=1 pages_reason=short_reached@page1', 'rpc_mint_window n_sigs=18 new=6 pages_reason=short_reached@page2', 'getBlock_449296260_n=1273_new=1273', 'getBlock_449296261_n=956_new=956', 'getBlock_449296262_n=1091_new=1091']",188
4X9d1Mc1cXJUFXtADbAuMkQniK9411dvAP1ovCFopump,high_ge0.99,2026-09-22 06:05:17.000 UTC,0.9998258517557967,0.9998258517557969,0.9998258517557969,0.9998258517557967,2,-1.1102230246251565e-16,476614.8771076142,471748.42910112074,3,3,23,3.0,116.6769908,pyth_asof,enhanced+rpc(+slot)_fallback,train_store_v1,0,True,True,False,"['sol=116.6770/pyth_asof', 'usd_reason=pyth_asof', 'dump_sigs=2 parsed=2', 'fallback:regressed_below_0.99', 'helius_bc:pages=1 stop=short_page', 'helius_mint:pages=12 stop=short_page', 'helius_merged n=1193 le_t0=13 floor=1790057112', 'rpc_bc_window n_sigs=3 new=1 pages_reason=short_reached@page1', 'rpc_mint_window n_sigs=23 new=9 pages_reason=short_reached@page2', 'getBlock_449292506_n=1070_new=1070', 'getBlock_449292507_n=947_new=947', 'getBlock_449292508_n=1101_new=1101']",243
G4G4cN8BLGaDe7yS7KSwegFDPACaBbM2d1ZFXYhMpump,high_ge0.99,2026-09-22 05:50:37.000 UTC,0.9998258517557967,0.9998258517557969,0.9998258517557969,0.9998258517557967,2,-1.1102230246251565e-16,477624.4267417162,472791.7239935927,3,3,12,3.0,116.89777734,pyth_asof,enhanced+rpc(+slot)_fallback,train_store_v1,0,True,True,False,"['sol=116.8978/pyth_asof', 'usd_reason=pyth_asof', 'dump_sigs=2 parsed=2', 'fallback:regressed_below_0.99', 'helius_bc:pages=1 stop=short_page', 'helius_mint:pages=12 stop=short_page', 'helius_merged n=1191 le_t0=9 floor=1790056232', 'rpc_bc_window n_sigs=2 new=0 pages_reason=short_reached@page1', 'rpc_mint_window n_sigs=12 new=3 pages_reason=short_reached@page2', 'getBlock_449289204_n=1003_new=1003', 'getBlock_449289205_n=947_new=947', 'getBlock_449289206_n=877_new=877']",290
2DU2GNLBhXg2GqkgCnDf6uFWREp9dFeUhU1SRmT2pump,high_ge0.99,2026-09-22 03:54:37.000 UTC,0.9998186361765496,0.9998186361765496,0.9998489456546699,0.99984894565467,2,-3.0309478120216227e-05,207097.38561631416,204990.75617557717,3,3,17,3.0,116.650001,pyth_asof,enhanced+rpc(+slot)_fallback,train_store_v1,3,True,True,False,"['sol=116.6500/pyth_asof', 'usd_reason=pyth_asof', 'dump_sigs=2 parsed=2', 'fallback:regressed_below_0.99', 'helius_bc:pages=1 stop=short_page', 'helius_mint:pages=20 stop=max_pages', 'helius_merged n=1981 le_t0=2 floor=1790049272', 'rpc_bc_window n_sigs=3 new=1 pages_reason=short_reached@page1', 'rpc_mint_window n_sigs=17 new=14 pages_reason=short_reached@page7', 'getBlock_449263112_n=1098_new=1098', 'getBlock_449263113_n=1128_new=1128', 'getBlock_449263114_n=1171_new=1171']",358
wXcbD8Sr23SoN1J8zE7i6Js4EaoCDAFWkUhdoe8pump,high_ge0.99,2026-09-22 03:16:47.000 UTC,0.9994584591362125,0.9994584591362125,0.9994030624774972,0.9994030624774972,2,5.539665871523436e-05,23755.8874260422,23730.510485761282,3,3,8,3.0,116.47470870000001,pyth_asof,enhanced+rpc(+slot)_fallback,train_store_v1,0,True,True,False,"['sol=116.4747/pyth_asof', 'usd_reason=pyth_asof', 'dump_sigs=2 parsed=2', 'fallback:regressed_below_0.99', 'helius_bc:pages=1 stop=short_page', 'helius_mint:pages=20 stop=max_pages', 'helius_merged n=1804 le_t0=2 floor=1790047002', 'rpc_bc_window n_sigs=2 new=0 pages_reason=short_reached@page1', 'rpc_mint_window n_sigs=8 new=6 pages_reason=short_reached@page13', 'getBlock_449254611_n=1806_new=1806', 'getBlock_449254612_n=1122_new=1122', 'getBlock_449254613_n=1293_new=1293']",434
2hCEWYZcFZNWV59a6Coyo3czTa9MMpdjxnVhXagjpump,high_ge0.99,2026-09-22 01:41:06.000 UTC,0.9953618205983026,0.9953618205983026,0.9929091058075268,0.9929091058075268,4,0.0024527147907758007,25228.5410196028,17638.784115112943,4,4,5,6.0,117.7543759,pyth_asof,enhanced+rpc(+slot)_fallback,train_store_v1,0,True,True,False,"['sol=117.7544/pyth_asof', 'usd_reason=pyth_asof', 'dump_sigs=4 parsed=4', 'fallback:regressed_below_0.99', 'helius_bc:pages=1 stop=short_page', 'helius_mint:pages=20 stop=max_pages', 'helius_merged n=1611 le_t0=4 floor=1790041261', 'rpc_bc_window n_sigs=4 new=0 pages_reason=short_reached@page1', 'rpc_mint_window n_sigs=5 new=1 pages_reason=short_reached@page8', 'getBlock_449233140_n=1704_new=1704', 'getBlock_449233141_n=943_new=943', 'getBlock_449233142_n=1345_new=1345']",503
6mCCo1Abfz2riT4UcgaVq4Hs5ZGxYjgxjhizDfnfpump,high_ge0.99,2026-09-22 00:22:37.000 UTC,0.9998458854854944,0.9998458854854945,0.9998458854854945,0.9998458854854944,3,-1.1102230246251565e-16,176058.99403110557,174669.48355483537,4,4,30,4.0,119.04062945,pyth_asof,enhanced+rpc(+slot)_fallback,train_store_v1,4,True,True,False,"['sol=119.0406/pyth_asof', 'usd_reason=pyth_asof', 'dump_sigs=2 parsed=2', 'fallback:regressed_below_0.99', 'helius_bc:pages=1 stop=short_page', 'helius_mint:pages=20 stop=max_pages', 'helius_merged n=1988 le_t0=2 floor=1790036552', 'rpc_bc_window n_sigs=12 new=10 pages_reason=short_reached@page1', 'rpc_mint_window n_sigs=30 new=18 pages_reason=empty@5', 'getBlock_449215529_n=1083_new=1083', 'getBlock_449215530_n=1203_new=1203', 'getBlock_449215531_n=1221_new=1221']",566
56ofoyzfMaGwzgeeTsTchJuVM8Trx5GHhW9pxh9Jpump,high_ge0.99,2026-09-21 19:19:59.000 UTC,0.9998458854854944,0.9998458854854945,0.9998458854854945,0.9998458854854944,2,-1.1102230246251565e-16,185761.23006433147,184616.36633482904,3,3,26,3.0,117.94827066,pyth_asof,enhanced+rpc(+slot)_fallback,train_store_v1,5,True,True,False,"['sol=117.9483/pyth_asof', 'usd_reason=pyth_asof', 'dump_sigs=2 parsed=2', 'fallback:regressed_below_0.99', 'helius_bc:pages=1 stop=short_page', 'helius_mint:pages=20 stop=max_pages', 'helius_merged n=1971 le_t0=2 floor=1790018394', 'rpc_bc_window n_sigs=10 new=8 pages_reason=short_reached@page1', 'rpc_mint_window n_sigs=26 new=16 pages_reason=short_reached@page12', 'getBlock_449147513_n=709_new=709', 'getBlock_449147514_n=1889_new=1889', 'getBlock_449147515_n=922_new=922']",631
