mint,band,y,t0_ts,oos_score,train_store_rescore,live_rebuild_score,live_skipped,live_mode,delta_oos_minus_live,complete_q5b,n_txs_fetched,n_trades_pre_t0,buy_vol_live,detail,helius_calls_so_far,elapsed_s
69xneXbByUnx7WtEC7tqHHo1NJoXJqM9dNFYYu8pump,high_ge0.99,1,2026-09-22 16:55:10.000 UTC,0.9994911956626782,0.9994911956626782,0.01861432132894641,False,histgb_q5b,0.9808768743337318,True,0,0,0.0,n_txs=0 n_trades_pre_t0=0 buy60_n=0 sol_usd=117.3249(jupiter) t0_refined=False,14,8.43
BZofTtkyrBM2EDdRBN6GCavdWvxd61xbLTVFnoPgpump,high_ge0.99,1,2026-09-22 15:29:59.000 UTC,0.9998178426097192,0.9998178426097192,0.023843036817685744,False,histgb_q5b,0.9759748057920334,True,0,0,0.0,n_txs=0 n_trades_pre_t0=0 buy60_n=0 sol_usd=117.3249(jupiter) t0_refined=False,24,8.69
4M3gYZ2dQ39KuBuJYVmQi5qrtFfMpMWHpJhhx7Wapump,high_ge0.99,1,2026-09-22 07:03:04.000 UTC,0.9998456806403022,0.9998456806403022,0.01764008132482649,False,histgb_q5b,0.9822055993154757,True,0,0,0.0,n_txs=0 n_trades_pre_t0=0 buy60_n=0 sol_usd=117.3249(jupiter) t0_refined=False,28,2.42
wbf55KygjChmSMkTeVTmQ3j7vuGqVdKQbdRfg6epump,high_ge0.99,1,2026-09-22 06:42:20.000 UTC,0.99985275449228,0.99985275449228,0.01764008132482649,False,histgb_q5b,0.9822126731674534,True,0,0,0.0,n_txs=0 n_trades_pre_t0=0 buy60_n=0 sol_usd=117.3249(jupiter) t0_refined=False,31,1.92
2ahcm3vhbPTi7WzECWW7Jb7uP4mEyVRCHsRTzvaDpump,high_ge0.99,1,2026-09-22 06:21:58.000 UTC,0.9998258517557967,0.9998258517557967,0.016123229319351933,False,histgb_q5b,0.9837026224364448,True,0,0,0.0,n_txs=0 n_trades_pre_t0=0 buy60_n=0 sol_usd=117.3249(jupiter) t0_refined=False,36,3.97
4X9d1Mc1cXJUFXtADbAuMkQniK9411dvAP1ovCFopump,high_ge0.99,1,2026-09-22 06:05:17.000 UTC,0.9998258517557967,0.9998258517557967,0.016123229319351933,False,histgb_q5b,0.9837026224364448,True,0,0,0.0,n_txs=0 n_trades_pre_t0=0 buy60_n=0 sol_usd=117.3249(jupiter) t0_refined=False,40,2.8
4BbBD7vLoQ62Tz22tQVHiwciZEVbGbHCiRrwYah1pump,mid_~0.5,0,2026-09-12 06:38:39.000 UTC,0.4940356846604702,0.5157222013004142,0.01861432132894641,False,histgb_q5b,0.4754213633315238,True,0,0,0.0,n_txs=0 n_trades_pre_t0=0 buy60_n=0 sol_usd=117.3249(jupiter) t0_refined=False,49,8.64
EH2j3pjSnJ1QHTBpnMMjmwECoNZ8Y2GTYfLc2XqXpump,mid_~0.5,1,2026-09-16 14:53:10.000 UTC,0.4966681232926057,0.5528443780646289,0.022890269610839297,False,histgb_q5b,0.4737778536817664,True,0,0,0.0,n_txs=0 n_trades_pre_t0=0 buy60_n=0 sol_usd=117.4190(jupiter) t0_refined=False,59,9.01
85nwGzjZ8JC4No5DWrcL5VRCK1k25N8yBPtDX66opump,low_~0.1,0,2026-09-11 19:01:31.000 UTC,0.0882869342577028,0.0472208237856172,0.06408279070059025,False,histgb_q5b,0.024204143557112548,True,166,1,58.30917171248531,n_txs=166 n_trades_pre_t0=1 buy60_n=1 sol_usd=117.4190(jupiter) t0_refined=False,61,1.53
cA1As5nhjzA3K6rcUxfSKp4XLj7Qaq7MF9zHbv9pump,low_~0.1,0,2026-09-17 17:41:42.000 UTC,0.082321915488185,0.1314990150486854,0.018750731713068746,False,histgb_q5b,0.06357118377511625,True,0,0,0.0,n_txs=0 n_trades_pre_t0=0 buy60_n=0 sol_usd=117.4190(jupiter) t0_refined=False,64,2.14
