mint,band,t0_ts,oos_score,train_store_rescore,live_rebuild_score,before_robust_score,delta_oos_minus_live,buy_vol_train,buy_vol_live,buy_n_live,n_trades_pre_t0,n_txs_le_t0,sol_usd,sol_usd_source,fetch_mode,t0_refine_detail,t0_refined,capture_quality,prior_source,n_priors,gaps,helius_calls
69xneXbByUnx7WtEC7tqHHo1NJoXJqM9dNFYYu8pump,high_ge0.99,2026-09-22 16:55:10.000 UTC,0.9994911956626782,0.9994911956626782,0.9994030624774972,0.7708935194330041,8.813318518097191e-05,24879.92336275765,25201.686299605244,2,2,14,118.87215319676594,coingecko_asof,enhanced+rpc_sig_window,first_sight_provisional;c4_tradeable_fail,False,LOW,train_store_v1,0,"['sol=118.8722/coingecko_asof', 'helius_bc:pages=1 stop=short_page', 'helius_mint:pages=3 stop=max_pages', 'helius_merged n=281 le_t0=2 floor=1790096105', 'rpc_window n_sigs=14 pages_reason=short_reached@page8']",5
BZofTtkyrBM2EDdRBN6GCavdWvxd61xbLTVFnoPgpump,high_ge0.99,2026-09-22 15:29:59.000 UTC,0.9998178426097192,0.9998178426097191,0.7307414447202645,0.7752892451518998,0.2690763978894547,28770.20548812558,10104.922843615972,1,1,14,118.87215319676594,coingecko_asof,enhanced+rpc_sig_window,first_sight_provisional;c4_tradeable_fail,False,LOW,train_store_v1,0,"['sol=118.8722/coingecko_asof', 'helius_bc:pages=1 stop=short_page', 'helius_mint:pages=3 stop=max_pages', 'helius_merged n=291 le_t0=2 floor=1790090994', 'rpc_window n_sigs=14 pages_reason=short_reached@page29']",10
4M3gYZ2dQ39KuBuJYVmQi5qrtFfMpMWHpJhhx7Wapump,high_ge0.99,2026-09-22 07:03:04.000 UTC,0.9998456806403022,0.9998456806403022,0.5733110582686363,0.6301607317415002,0.42653462237166595,346531.10443732166,10104.922843615972,1,1,2,118.87215319676594,coingecko_asof,enhanced_pre_t0,first_sight_provisional;c4_tradeable_fail,False,LOW,train_store_v1,6,"['sol=118.8722/coingecko_asof', 'helius_bc:pages=1 stop=short_page', 'helius_mint:pages=3 stop=max_pages', 'helius_merged n=302 le_t0=2 floor=1790060579', 'rpc_empty:max_pages=50']",14
wbf55KygjChmSMkTeVTmQ3j7vuGqVdKQbdRfg6epump,high_ge0.99,2026-09-22 06:42:20.000 UTC,0.99985275449228,0.99985275449228,0.9998458854854945,,6.869006785481524e-06,358828.6455627236,365413.78874874936,2,2,13,118.87215319676594,coingecko_asof,enhanced+rpc_sig_window,first_sight_provisional;c4_tradeable_fail,False,LOW,train_store_v1,5,"['sol=118.8722/coingecko_asof', 'helius_bc:pages=1 stop=short_page', 'helius_mint:pages=3 stop=max_pages', 'helius_merged n=291 le_t0=2 floor=1790059335', 'rpc_window n_sigs=13 pages_reason=short_reached@page2']",19
2ahcm3vhbPTi7WzECWW7Jb7uP4mEyVRCHsRTzvaDpump,high_ge0.99,2026-09-22 06:21:58.000 UTC,0.9998258517557967,0.9998258517557969,0.9998258517557969,,-1.1102230246251565e-16,417124.5240621877,425800.84257270646,2,2,18,118.87215319676594,coingecko_asof,enhanced+rpc_sig_window,first_sight_provisional;c4_tradeable_fail,False,LOW,train_store_v1,0,"['sol=118.8722/coingecko_asof', 'helius_bc:pages=1 stop=short_page', 'helius_mint:pages=3 stop=max_pages', 'helius_merged n=302 le_t0=2 floor=1790058113', 'rpc_window n_sigs=18 pages_reason=short_reached@page2']",25
4X9d1Mc1cXJUFXtADbAuMkQniK9411dvAP1ovCFopump,high_ge0.99,2026-09-22 06:05:17.000 UTC,0.9998258517557967,0.9998258517557969,0.9998258517557969,,-1.1102230246251565e-16,476614.8771076142,485319.9804937749,2,2,23,118.87215319676594,coingecko_asof,enhanced+rpc_sig_window,first_sight_provisional;c4_tradeable_fail,False,LOW,train_store_v1,0,"['sol=118.8722/coingecko_asof', 'helius_bc:pages=1 stop=short_page', 'helius_mint:pages=3 stop=max_pages', 'helius_merged n=301 le_t0=2 floor=1790057112', 'rpc_window n_sigs=23 pages_reason=short_reached@page2']",32
G4G4cN8BLGaDe7yS7KSwegFDPACaBbM2d1ZFXYhMpump,high_ge0.99,2026-09-22 05:50:37.000 UTC,0.9998258517557967,0.9998258517557969,0.9998258517557969,,-1.1102230246251565e-16,477624.4267417162,485474.663477483,2,2,12,118.87215319676594,coingecko_asof,enhanced+rpc_sig_window,first_sight_provisional;c4_tradeable_fail,False,LOW,train_store_v1,0,"['sol=118.8722/coingecko_asof', 'helius_bc:pages=1 stop=short_page', 'helius_mint:pages=3 stop=max_pages', 'helius_merged n=295 le_t0=2 floor=1790056232', 'rpc_window n_sigs=12 pages_reason=short_reached@page2']",39
2DU2GNLBhXg2GqkgCnDf6uFWREp9dFeUhU1SRmT2pump,high_ge0.99,2026-09-22 03:54:37.000 UTC,0.9998186361765496,0.9998186361765496,0.9998489456546699,,-3.0309478120216227e-05,207097.38561631416,210879.9895929536,2,2,17,118.87215319676594,coingecko_asof,enhanced+rpc_sig_window,first_sight_provisional;c4_tradeable_fail,False,LOW,train_store_v1,3,"['sol=118.8722/coingecko_asof', 'helius_bc:pages=1 stop=short_page', 'helius_mint:pages=3 stop=max_pages', 'helius_merged n=294 le_t0=2 floor=1790049272', 'rpc_window n_sigs=17 pages_reason=short_reached@page7']",46
wXcbD8Sr23SoN1J8zE7i6Js4EaoCDAFWkUhdoe8pump,high_ge0.99,2026-09-22 03:16:47.000 UTC,0.9994584591362125,0.9994584591362125,0.9994030624774972,,5.539665871523436e-05,23755.8874260422,24250.709074031118,2,2,8,118.87215319676594,coingecko_asof,enhanced+rpc_sig_window,first_sight_provisional;c4_tradeable_fail,False,LOW,train_store_v1,0,"['sol=118.8722/coingecko_asof', 'helius_bc:pages=1 stop=short_page', 'helius_mint:pages=3 stop=max_pages', 'helius_merged n=293 le_t0=2 floor=1790047002', 'rpc_window n_sigs=8 pages_reason=short_reached@page13']",53
2hCEWYZcFZNWV59a6Coyo3czTa9MMpdjxnVhXagjpump,high_ge0.99,2026-09-22 01:41:06.000 UTC,0.9953618205983026,0.9953618205983026,0.9929091058075268,,0.0024527147907758007,25228.5410196028,17908.89540161765,4,4,5,118.87215319676594,coingecko_asof,enhanced+rpc_sig_window,first_sight_provisional;c4_tradeable_fail,False,LOW,train_store_v1,0,"['sol=118.8722/coingecko_asof', 'helius_bc:pages=1 stop=short_page', 'helius_mint:pages=3 stop=max_pages', 'helius_merged n=284 le_t0=4 floor=1790041261', 'rpc_window n_sigs=5 pages_reason=short_reached@page8']",58
6mCCo1Abfz2riT4UcgaVq4Hs5ZGxYjgxjhizDfnfpump,high_ge0.99,2026-09-22 00:22:37.000 UTC,0.9998458854854944,0.9998458854854945,0.9998458854854945,,-1.1102230246251565e-16,176058.99403110557,176062.33592162092,3,3,30,118.87215319676594,coingecko_asof,enhanced+rpc_sig_window,first_sight_provisional;c4_tradeable_fail,False,LOW,train_store_v1,4,"['sol=118.8722/coingecko_asof', 'helius_bc:pages=1 stop=short_page', 'helius_mint:pages=3 stop=max_pages', 'helius_merged n=294 le_t0=2 floor=1790036552', 'rpc_window n_sigs=30 pages_reason=empty@5']",63
56ofoyzfMaGwzgeeTsTchJuVM8Trx5GHhW9pxh9Jpump,high_ge0.99,2026-09-21 19:19:59.000 UTC,0.9998458854854944,0.9998458854854945,0.9998458854854945,,-1.1102230246251565e-16,185761.23006433147,175624.2919249361,2,2,26,111.15414771124425,coingecko_asof,enhanced+rpc_sig_window,first_sight_provisional;c4_tradeable_fail,False,LOW,train_store_v1,5,"['sol=111.1541/coingecko_asof', 'helius_bc:pages=1 stop=short_page', 'helius_mint:pages=3 stop=max_pages', 'helius_merged n=293 le_t0=2 floor=1790018394', 'rpc_window n_sigs=26 pages_reason=short_reached@page12']",70
