mint,created_at,t0_ts,journal_score,rescore,delta_journal_minus_rescore,abs_delta,complete_x,creator_prior_source,sol_usd_source,n_recipe_nonnull
Ew9DQJVDLqFWQzyHGKR8jeUWda5LNSWF89c8fxcmpump,2026-10-01T16:42:03.279+02:00,2026-10-01T14:39:27.178+00:00,0.046492367096518626,0.046492367096518626,0.0,0.0,True,<ABSENT>,jupiter_live_not_asof,51
J28QXauu33Gbys98nPgM15GT3Zhr7qyV7zJkFLcjpump,2026-10-01T16:42:03.276+02:00,2026-10-01T14:39:27.178+00:00,0.10282883013993578,0.10282883013993578,0.0,0.0,True,<ABSENT>,jupiter_live_not_asof,51
2fttGFzxgct55W3uZXxoYKVEdckfP5TL3uFtkCTR6ywi,2026-10-01T16:42:03.272+02:00,2025-08-22T19:22:24.000+00:00,0.296145459221428,0.296145459221428,0.0,0.0,True,<ABSENT>,jupiter_live_not_asof,51
8FieMhKjJVbBs2xXb5CaAqMzUiPDi9wmq23TpZEcpump,2026-10-01T16:42:03.269+02:00,2026-10-01T14:39:27.178+00:00,0.080621091100566,0.080621091100566,0.0,0.0,True,<ABSENT>,coingecko_asof,51
BtRQt3CoJbDGcCKDq4bR5TcRJhQmCZtq31hb5VsHwgrx,2026-10-01T16:42:03.265+02:00,2026-10-01T14:39:27.178+00:00,0.19636208171014402,0.19636208171014402,0.0,0.0,True,<ABSENT>,coingecko_asof,51
DXoq96dXwYeEpLr2Xg6dASMZbJjPQkJ1NMzweCc2uNqc,2026-10-01T16:39:10.589+02:00,2026-10-01T14:38:41.467+00:00,0.18710809687201746,0.18710809687201746,0.0,0.0,True,<ABSENT>,coingecko_asof,51
6aRUqmXtaux1Z91KGSm1Qv1GZ8WPG1aCb88K1SXLpump,2026-10-01T16:39:10.583+02:00,2026-10-01T14:38:41.467+00:00,0.22187232792281875,0.22187232792281875,0.0,0.0,True,<ABSENT>,coingecko_asof,51
2KqnrcaSyG157YEZfDV3uw81vtdAWfyEgCmYdJoLpump,2026-10-01T16:38:24.920+02:00,2026-10-01T14:38:13.337+00:00,0.26323579040417405,0.26323579040417405,0.0,0.0,True,<ABSENT>,coingecko_asof,51
BFAK1BzRVAYBvo6wSSYpHk9bwbvi2rBnCAHKTDzJpump,2026-10-01T16:38:24.917+02:00,2026-10-01T14:38:13.337+00:00,0.08514138893862153,0.08514138893862153,0.0,0.0,True,<ABSENT>,coingecko_asof,51
28eCFQNPGY1WrrDNhWjqpgf9DVZqaJc6pZaCbRmjpump,2026-10-01T16:38:24.913+02:00,2026-10-01T14:38:13.000+00:00,0.5638368443886089,0.5638368443886089,0.0,0.0,True,<ABSENT>,coingecko_asof,51
G2hzq6XdhqW8vg2spdKkzPUcfCqbun1UtpcanpWrpump,2026-10-01T16:38:24.909+02:00,2026-10-01T14:38:13.337+00:00,0.044622355080986345,0.044622355080986345,0.0,0.0,True,<ABSENT>,coingecko_asof,51
3gTJZ3jW7eB7g9WFkYr8HtVbZKZXV7Qo6RZqV1zQpump,2026-10-01T16:37:56.805+02:00,2026-10-01T14:37:21.173+00:00,0.10458091576513448,0.10458091576513448,0.0,0.0,True,<ABSENT>,coingecko_asof,51
7UimnYA5dkcCay8W2dBaCY1yFG7yFzRswgH8BUQZpump,2026-10-01T16:37:04.636+02:00,2026-10-01T14:37:02.327+00:00,0.13007928485557066,0.13007928485557066,0.0,0.0,True,<ABSENT>,coingecko_asof,51
88q77EjiH11AjR8vFPHg6XokoN2XCKTLbGP9qNrfpump,2026-10-01T16:36:45.794+02:00,2026-10-01T14:36:32.745+00:00,0.04331085203037271,0.04331085203037271,0.0,0.0,True,<ABSENT>,coingecko_asof,51
5cCsPvo8pZojm7WqrH2xwC8VhSe768wqeds56nh12iwz,2026-10-01T16:36:45.789+02:00,2026-10-01T14:36:32.745+00:00,0.22788471146641867,0.22788471146641867,0.0,0.0,True,<ABSENT>,coingecko_asof,51
5RvZP6Wz7YTj9bZfc3HpBqhQe4PpgD7Ehzc9JFV2pump,2026-10-01T16:36:16.039+02:00,2026-10-01T14:36:11.476+00:00,0.19325040834002882,0.19325040834002882,0.0,0.0,True,<ABSENT>,coingecko_asof,51
Gv1Z5U3NRZ1G6Xdeq2aZn5hNXwMUXmU8CuwE5oH1zyvs,2026-10-01T16:36:16.035+02:00,2026-10-01T14:36:11.476+00:00,0.19894675847003387,0.19894675847003387,0.0,0.0,True,<ABSENT>,coingecko_asof,51
HYxP5FDxFdop6csF7Uj8Z73xiFv3wzJyL9Uj81gzpump,2026-10-01T16:35:54.935+02:00,2026-10-01T14:35:42.472+00:00,0.06455036358044818,0.06455036358044818,0.0,0.0,True,<ABSENT>,coingecko_asof,51
EiXWkZ3UCzTdakfdSUQGdRsJhroUtKYV5ZDhtWbpump,2026-10-01T16:35:54.930+02:00,2026-10-01T14:35:42.472+00:00,0.03468298367455998,0.03468298367455998,0.0,0.0,True,<ABSENT>,coingecko_asof,51
4TZs9nPsAVLUwh9sVYZvCHwNJtadv79jgCZ17ZPVpump,2026-10-01T16:35:25.930+02:00,2026-10-01T14:34:53.957+00:00,0.033486873873161016,0.033486873873161016,0.0,0.0,True,<ABSENT>,coingecko_asof,51
2dZCcPWh6rNK4266hi8mEuVsrUwx4GVXwVwT69d2pump,2026-10-01T16:35:25.927+02:00,2026-10-01T14:34:25.000+00:00,0.15904587262427852,0.15904587262427852,0.0,0.0,True,<ABSENT>,coingecko_asof,51
97dk4fECg41vaRsAoX2SGyzhKmioaZmVwkJVtehn7fgH,2026-10-01T16:35:25.925+02:00,2026-10-01T14:34:53.957+00:00,0.13609450660150527,0.13609450660150527,0.0,0.0,True,<ABSENT>,coingecko_asof,51
7ofTh6ttAibYvzU1FoBMgJimaksoxPxBJa44GMdPpump,2026-10-01T16:35:25.921+02:00,2026-10-01T14:34:53.957+00:00,0.19516422678063064,0.19516422678063064,0.0,0.0,True,<ABSENT>,coingecko_asof,51
HGnqodgqkg22bCd8vN62p1mVw2NvZSbPeGn8PeQ9pump,2026-10-01T16:34:37.406+02:00,2026-10-01T14:34:26.750+00:00,0.1174282525877645,0.1174282525877645,0.0,0.0,True,<ABSENT>,coingecko_asof,51
26TJh7yHcvWRtshMHSCFKcw6zGe2fBNZj27UYf3Tpump,2026-10-01T16:34:37.398+02:00,2026-10-01T14:34:26.750+00:00,0.16033224903354137,0.16033224903354137,0.0,0.0,True,<ABSENT>,coingecko_asof,51
yKaCzEJHxCgK7ZMErvwUDezoyrKrRbFeDjAVFfJpump,2026-10-01T16:34:10.175+02:00,2026-10-01T14:31:56.000+00:00,0.10663895376195057,0.10663895376195057,0.0,0.0,True,<ABSENT>,coingecko_asof,51
3qJLoMQcLWVFUQ9YnGTntP3CWSA3pdZ5FzqGVKitpump,2026-10-01T16:34:10.172+02:00,2026-10-01T14:31:37.000+00:00,0.17059107147227948,0.17059107147227948,0.0,0.0,True,<ABSENT>,coingecko_asof,51
AiPp4JW5xqj7BA539JWLk2MUMyqzxhQ3yDaMrnRmpump,2026-10-01T16:34:10.169+02:00,2026-10-01T14:32:21.000+00:00,0.5387416929829096,0.5387416929829096,0.0,0.0,True,<ABSENT>,coingecko_asof,51
GXeTCYAmfHutuEmzCVwTvi6MzmqJDrammMzfBXoxpump,2026-10-01T16:34:10.165+02:00,2026-10-01T14:33:33.194+00:00,0.12025694004230407,0.12025694004230407,0.0,0.0,True,<ABSENT>,coingecko_asof,51
9abfAipDtXt2hPFqvh5MVgPCszozhJ43QCjuihvTpump,2026-10-01T16:33:16.645+02:00,2026-10-01T14:30:28.000+00:00,0.4911150869938778,0.4911150869938778,0.0,0.0,True,<ABSENT>,coingecko_asof,51
CmKCRVY6KJgC3EoCGhesijXPQRz7Zyt4MWQydZDPK4Jr,2026-10-01T16:33:16.642+02:00,2026-10-01T14:31:06.000+00:00,0.38164709949902476,0.38164709949902476,0.0,0.0,True,<ABSENT>,coingecko_asof,51
9RaBDMwL2hcmah5yzXjBLiiYxHiBbd2jSEH3q6KCpump,2026-10-01T16:33:16.636+02:00,2025-12-25T21:28:56.000+00:00,0.22277516840757328,0.22277516840757328,0.0,0.0,True,<ABSENT>,coingecko_asof,51
AdfPXoE1RBp2PCQp5NSFPM3n3fHoG3NTF6cwQhHkpump,2026-10-01T16:30:55.326+02:00,2025-06-06T22:12:00.000+00:00,0.38252769177058354,0.38252769177058354,0.0,0.0,True,<ABSENT>,jupiter_live_not_asof,51
BEfR6sNSHb4Moo7a3f8zySsjGAscjwmqmXtJ8jkapump,2026-10-01T16:29:19.207+02:00,2026-10-01T14:29:16.000+00:00,0.13146842119386587,0.13146842119386587,0.0,0.0,True,<ABSENT>,jupiter,51
Fsjg7S8pD73LcvjxWATZ13zDbBohtmXUz3BZM4Jvpump,2026-10-01T16:29:04.595+02:00,2026-10-01T14:29:00.880+00:00,0.022396669086655538,0.022396669086655538,0.0,0.0,True,<ABSENT>,jupiter,51
34zjTHbVseDDYZT1qYP8vdJ5kghEUQtWy4SRHTiVCwxo,2026-10-01T16:29:04.590+02:00,2026-10-01T14:29:00.880+00:00,0.2859415420220118,0.2859415420220118,0.0,0.0,True,<ABSENT>,jupiter,51
