mint,created_at,t0_ts,journal_score,post_restart,complete_x,n_recipe_cols_present,n_recipe_nonnull,n_missing_recipe_keys,creator_prior_source,sol_usd_source,t0_refined,rescore,delta,abs_delta,skip_reason
Ew9DQJVDLqFWQzyHGKR8jeUWda5LNSWF89c8fxcmpump,2026-10-01T16:42:03.279+02:00,2026-10-01T14:39:27.178+00:00,0.046492367096518626,True,True,51,51,0,<ABSENT>,jupiter_live_not_asof,False,0.046492367096518626,0.0,0.0,
J28QXauu33Gbys98nPgM15GT3Zhr7qyV7zJkFLcjpump,2026-10-01T16:42:03.276+02:00,2026-10-01T14:39:27.178+00:00,0.10282883013993578,True,True,51,51,0,<ABSENT>,jupiter_live_not_asof,False,0.10282883013993578,0.0,0.0,
2fttGFzxgct55W3uZXxoYKVEdckfP5TL3uFtkCTR6ywi,2026-10-01T16:42:03.272+02:00,2025-08-22T19:22:24.000+00:00,0.296145459221428,True,True,51,51,0,<ABSENT>,jupiter_live_not_asof,True,0.296145459221428,0.0,0.0,
8FieMhKjJVbBs2xXb5CaAqMzUiPDi9wmq23TpZEcpump,2026-10-01T16:42:03.269+02:00,2026-10-01T14:39:27.178+00:00,0.080621091100566,True,True,51,51,0,<ABSENT>,coingecko_asof,False,0.080621091100566,0.0,0.0,
BtRQt3CoJbDGcCKDq4bR5TcRJhQmCZtq31hb5VsHwgrx,2026-10-01T16:42:03.265+02:00,2026-10-01T14:39:27.178+00:00,0.19636208171014402,True,True,51,51,0,<ABSENT>,coingecko_asof,False,0.19636208171014402,0.0,0.0,
DXoq96dXwYeEpLr2Xg6dASMZbJjPQkJ1NMzweCc2uNqc,2026-10-01T16:39:10.589+02:00,2026-10-01T14:38:41.467+00:00,0.18710809687201746,True,True,51,51,0,<ABSENT>,coingecko_asof,False,0.18710809687201746,0.0,0.0,
6aRUqmXtaux1Z91KGSm1Qv1GZ8WPG1aCb88K1SXLpump,2026-10-01T16:39:10.583+02:00,2026-10-01T14:38:41.467+00:00,0.22187232792281875,True,True,51,51,0,<ABSENT>,coingecko_asof,False,0.22187232792281875,0.0,0.0,
2KqnrcaSyG157YEZfDV3uw81vtdAWfyEgCmYdJoLpump,2026-10-01T16:38:24.920+02:00,2026-10-01T14:38:13.337+00:00,0.26323579040417405,True,True,51,51,0,<ABSENT>,coingecko_asof,False,0.26323579040417405,0.0,0.0,
BFAK1BzRVAYBvo6wSSYpHk9bwbvi2rBnCAHKTDzJpump,2026-10-01T16:38:24.917+02:00,2026-10-01T14:38:13.337+00:00,0.08514138893862153,True,True,51,51,0,<ABSENT>,coingecko_asof,False,0.08514138893862153,0.0,0.0,
28eCFQNPGY1WrrDNhWjqpgf9DVZqaJc6pZaCbRmjpump,2026-10-01T16:38:24.913+02:00,2026-10-01T14:38:13.000+00:00,0.5638368443886089,True,True,51,51,0,<ABSENT>,coingecko_asof,True,0.5638368443886089,0.0,0.0,
G2hzq6XdhqW8vg2spdKkzPUcfCqbun1UtpcanpWrpump,2026-10-01T16:38:24.909+02:00,2026-10-01T14:38:13.337+00:00,0.044622355080986345,True,True,51,51,0,<ABSENT>,coingecko_asof,False,0.044622355080986345,0.0,0.0,
3gTJZ3jW7eB7g9WFkYr8HtVbZKZXV7Qo6RZqV1zQpump,2026-10-01T16:37:56.805+02:00,2026-10-01T14:37:21.173+00:00,0.10458091576513448,True,True,51,51,0,<ABSENT>,coingecko_asof,False,0.10458091576513448,0.0,0.0,
7UimnYA5dkcCay8W2dBaCY1yFG7yFzRswgH8BUQZpump,2026-10-01T16:37:04.636+02:00,2026-10-01T14:37:02.327+00:00,0.13007928485557066,True,True,51,51,0,<ABSENT>,coingecko_asof,False,0.13007928485557066,0.0,0.0,
88q77EjiH11AjR8vFPHg6XokoN2XCKTLbGP9qNrfpump,2026-10-01T16:36:45.794+02:00,2026-10-01T14:36:32.745+00:00,0.04331085203037271,True,True,51,51,0,<ABSENT>,coingecko_asof,False,0.04331085203037271,0.0,0.0,
5cCsPvo8pZojm7WqrH2xwC8VhSe768wqeds56nh12iwz,2026-10-01T16:36:45.789+02:00,2026-10-01T14:36:32.745+00:00,0.22788471146641867,True,True,51,51,0,<ABSENT>,coingecko_asof,False,0.22788471146641867,0.0,0.0,
5RvZP6Wz7YTj9bZfc3HpBqhQe4PpgD7Ehzc9JFV2pump,2026-10-01T16:36:16.039+02:00,2026-10-01T14:36:11.476+00:00,0.19325040834002882,True,True,51,51,0,<ABSENT>,coingecko_asof,False,0.19325040834002882,0.0,0.0,
Gv1Z5U3NRZ1G6Xdeq2aZn5hNXwMUXmU8CuwE5oH1zyvs,2026-10-01T16:36:16.035+02:00,2026-10-01T14:36:11.476+00:00,0.19894675847003387,True,True,51,51,0,<ABSENT>,coingecko_asof,False,0.19894675847003387,0.0,0.0,
HYxP5FDxFdop6csF7Uj8Z73xiFv3wzJyL9Uj81gzpump,2026-10-01T16:35:54.935+02:00,2026-10-01T14:35:42.472+00:00,0.06455036358044818,True,True,51,51,0,<ABSENT>,coingecko_asof,False,0.06455036358044818,0.0,0.0,
EiXWkZ3UCzTdakfdSUQGdRsJhroUtKYV5ZDhtWbpump,2026-10-01T16:35:54.930+02:00,2026-10-01T14:35:42.472+00:00,0.03468298367455998,True,True,51,51,0,<ABSENT>,coingecko_asof,False,0.03468298367455998,0.0,0.0,
4TZs9nPsAVLUwh9sVYZvCHwNJtadv79jgCZ17ZPVpump,2026-10-01T16:35:25.930+02:00,2026-10-01T14:34:53.957+00:00,0.033486873873161016,True,True,51,51,0,<ABSENT>,coingecko_asof,False,0.033486873873161016,0.0,0.0,
2dZCcPWh6rNK4266hi8mEuVsrUwx4GVXwVwT69d2pump,2026-10-01T16:35:25.927+02:00,2026-10-01T14:34:25.000+00:00,0.15904587262427852,True,True,51,51,0,<ABSENT>,coingecko_asof,True,0.15904587262427852,0.0,0.0,
97dk4fECg41vaRsAoX2SGyzhKmioaZmVwkJVtehn7fgH,2026-10-01T16:35:25.925+02:00,2026-10-01T14:34:53.957+00:00,0.13609450660150527,True,True,51,51,0,<ABSENT>,coingecko_asof,False,0.13609450660150527,0.0,0.0,
7ofTh6ttAibYvzU1FoBMgJimaksoxPxBJa44GMdPpump,2026-10-01T16:35:25.921+02:00,2026-10-01T14:34:53.957+00:00,0.19516422678063064,True,True,51,51,0,<ABSENT>,coingecko_asof,False,0.19516422678063064,0.0,0.0,
HGnqodgqkg22bCd8vN62p1mVw2NvZSbPeGn8PeQ9pump,2026-10-01T16:34:37.406+02:00,2026-10-01T14:34:26.750+00:00,0.1174282525877645,True,True,51,51,0,<ABSENT>,coingecko_asof,False,0.1174282525877645,0.0,0.0,
26TJh7yHcvWRtshMHSCFKcw6zGe2fBNZj27UYf3Tpump,2026-10-01T16:34:37.398+02:00,2026-10-01T14:34:26.750+00:00,0.16033224903354137,True,True,51,51,0,<ABSENT>,coingecko_asof,False,0.16033224903354137,0.0,0.0,
yKaCzEJHxCgK7ZMErvwUDezoyrKrRbFeDjAVFfJpump,2026-10-01T16:34:10.175+02:00,2026-10-01T14:31:56.000+00:00,0.10663895376195057,True,True,51,51,0,<ABSENT>,coingecko_asof,True,0.10663895376195057,0.0,0.0,
3qJLoMQcLWVFUQ9YnGTntP3CWSA3pdZ5FzqGVKitpump,2026-10-01T16:34:10.172+02:00,2026-10-01T14:31:37.000+00:00,0.17059107147227948,True,True,51,51,0,<ABSENT>,coingecko_asof,True,0.17059107147227948,0.0,0.0,
AiPp4JW5xqj7BA539JWLk2MUMyqzxhQ3yDaMrnRmpump,2026-10-01T16:34:10.169+02:00,2026-10-01T14:32:21.000+00:00,0.5387416929829096,True,True,51,51,0,<ABSENT>,coingecko_asof,True,0.5387416929829096,0.0,0.0,
GXeTCYAmfHutuEmzCVwTvi6MzmqJDrammMzfBXoxpump,2026-10-01T16:34:10.165+02:00,2026-10-01T14:33:33.194+00:00,0.12025694004230407,True,True,51,51,0,<ABSENT>,coingecko_asof,False,0.12025694004230407,0.0,0.0,
9abfAipDtXt2hPFqvh5MVgPCszozhJ43QCjuihvTpump,2026-10-01T16:33:16.645+02:00,2026-10-01T14:30:28.000+00:00,0.4911150869938778,True,True,51,51,0,<ABSENT>,coingecko_asof,True,0.4911150869938778,0.0,0.0,
CmKCRVY6KJgC3EoCGhesijXPQRz7Zyt4MWQydZDPK4Jr,2026-10-01T16:33:16.642+02:00,2026-10-01T14:31:06.000+00:00,0.38164709949902476,True,True,51,51,0,<ABSENT>,coingecko_asof,True,0.38164709949902476,0.0,0.0,
9RaBDMwL2hcmah5yzXjBLiiYxHiBbd2jSEH3q6KCpump,2026-10-01T16:33:16.636+02:00,2025-12-25T21:28:56.000+00:00,0.22277516840757328,True,True,51,51,0,<ABSENT>,coingecko_asof,True,0.22277516840757328,0.0,0.0,
AdfPXoE1RBp2PCQp5NSFPM3n3fHoG3NTF6cwQhHkpump,2026-10-01T16:30:55.326+02:00,2025-06-06T22:12:00.000+00:00,0.38252769177058354,True,True,51,51,0,<ABSENT>,jupiter_live_not_asof,True,0.38252769177058354,0.0,0.0,
BEfR6sNSHb4Moo7a3f8zySsjGAscjwmqmXtJ8jkapump,2026-10-01T16:29:19.207+02:00,2026-10-01T14:29:16.000+00:00,0.13146842119386587,True,True,51,51,0,<ABSENT>,jupiter,True,0.13146842119386587,0.0,0.0,
Fsjg7S8pD73LcvjxWATZ13zDbBohtmXUz3BZM4Jvpump,2026-10-01T16:29:04.595+02:00,2026-10-01T14:29:00.880+00:00,0.022396669086655538,True,True,51,51,0,<ABSENT>,jupiter,False,0.022396669086655538,0.0,0.0,
34zjTHbVseDDYZT1qYP8vdJ5kghEUQtWy4SRHTiVCwxo,2026-10-01T16:29:04.590+02:00,2026-10-01T14:29:00.880+00:00,0.2859415420220118,True,True,51,51,0,<ABSENT>,jupiter,False,0.2859415420220118,0.0,0.0,
EcyH9RbxQEAUw81firsjjzF3ea6dCmbdfF7vKfxFpump,2026-10-01T16:28:48.415+02:00,2026-10-01T14:28:40.140+00:00,0.04321027860170047,False,True,51,51,0,<ABSENT>,jupiter,False,0.04321027860170047,0.0,0.0,
8D3WcFYc1KcattaH5jPVAJd9xgfrhP3eoWyHWnMmpump,2026-10-01T16:28:48.412+02:00,2026-10-01T14:28:40.140+00:00,0.014799257790128863,False,True,51,40,0,<ABSENT>,jupiter,False,0.014799257790128863,0.0,0.0,
vQcWFxA4UsAx5A4GAyXohcsQyGjruXh7yoKVpSUpump,2026-10-01T16:28:48.407+02:00,2026-10-01T14:28:40.140+00:00,0.1654307537487524,False,True,51,51,0,<ABSENT>,jupiter,False,0.1654307537487524,0.0,0.0,
GSbF2ZkhShD59YaB2dgBpCkEnUXmp8E5mtWxMexkpump,2026-10-01T16:28:27.658+02:00,2026-10-01T14:28:03.464+00:00,0.05469014332631769,False,True,51,51,0,<ABSENT>,jupiter,False,0.05469014332631769,0.0,0.0,
DWE2nDdCbBiiCiYdrAKm1qTCPkcypkKPbovVxnWTpcgv,2026-10-01T16:28:27.654+02:00,2026-10-01T14:28:03.464+00:00,0.05576003291169134,False,True,51,40,0,<ABSENT>,jupiter,False,0.05576003291169134,0.0,0.0,
5voxpVWgGkVVp5ANQZ5F4xFV82bqjhXsyJmkDZt7pump,2026-10-01T16:27:50.994+02:00,2026-10-01T14:27:04.364+00:00,0.29734592922138675,False,True,51,51,0,<ABSENT>,jupiter,False,0.29734592922138675,0.0,0.0,
DmjxrgdZ4sspvbiD6qzktJhjh1nGmmKjyv1WPpgQpump,2026-10-01T16:27:50.992+02:00,2026-10-01T14:27:04.364+00:00,0.05469014332631769,False,True,51,51,0,<ABSENT>,jupiter,False,0.05469014332631769,0.0,0.0,
7m5ePB3hxbYXdgGH3q6GpY1ZA7o5mk8efE82muqUpump,2026-10-01T16:27:50.987+02:00,2026-10-01T14:27:04.364+00:00,0.04089845457268606,False,True,51,51,0,<ABSENT>,jupiter,False,0.04089845457268606,0.0,0.0,
AicGiAz55aBxNJEnPZ367mvKvExajVsfQRzpY8DbUJ2e,2026-10-01T16:27:50.982+02:00,2026-10-01T14:27:04.364+00:00,0.15925369399180744,False,True,51,51,0,<ABSENT>,jupiter,False,0.15925369399180744,0.0,0.0,
85hCNMWmQmAYqKFRZv1dJayfWr6iFgumUwrP9sGRpump,2026-10-01T16:26:51.898+02:00,2026-10-01T14:26:14.868+00:00,0.0643314826497824,False,True,51,51,0,<ABSENT>,jupiter,False,0.0643314826497824,0.0,0.0,
7gaWKyWBTKmVmjXzceghKrJ18VH6qvqGw6dZ81Z5pump,2026-10-01T16:26:51.895+02:00,2026-10-01T14:26:14.868+00:00,0.04677143382372374,False,True,51,40,0,<ABSENT>,jupiter,False,0.04677143382372374,0.0,0.0,
FCN7vdWpZGCCc2U7MPwX844iybvs3wsCdJTC9k4npump,2026-10-01T16:26:51.892+02:00,2026-10-01T14:26:14.868+00:00,0.021412628901430503,False,True,51,40,0,<ABSENT>,jupiter,False,0.021412628901430503,0.0,0.0,
B6DvutS2zxj2ZBZRJytHs4FBc666BMJBWZb5ikwjpump,2026-10-01T16:26:51.888+02:00,2026-10-01T14:26:14.868+00:00,0.10158525134042302,False,True,51,40,0,<ABSENT>,jupiter,False,0.10158525134042302,0.0,0.0,
GvVPPcyMeK2sMd5fAyFfE7GNwEGVRnZGSJwth3RTpump,2026-10-01T16:26:51.884+02:00,2026-10-01T14:26:14.868+00:00,0.043867584064316366,False,True,51,40,0,<ABSENT>,jupiter,False,0.043867584064316366,0.0,0.0,
4qWoYRHva8XvTZSWWp5zxwUTNzCmE8j3KucYKkAEpump,2026-10-01T16:26:02.402+02:00,2026-10-01T14:25:04.749+00:00,0.020086949290708034,False,True,51,51,0,<ABSENT>,jupiter,False,0.020086949290708034,0.0,0.0,
EeBDBw5u9Nqh87mrNa1cPaB8yyTRHignAqwvmKBe13PE,2026-10-01T16:26:02.399+02:00,2026-10-01T14:25:04.749+00:00,0.04882177818397597,False,True,51,40,0,<ABSENT>,jupiter,False,0.04882177818397597,0.0,0.0,
HtcyxwpnRF74CkF6xWXAbWMe4fvDxHab8SS3YLwpump,2026-10-01T16:26:02.396+02:00,2026-10-01T14:25:04.749+00:00,0.054384137262241,False,True,51,40,0,<ABSENT>,jupiter,False,0.054384137262241,0.0,0.0,
6n7BA6Xm7C122dgffUXwzicYH2AjeCEEKspbds7bpump,2026-10-01T16:26:02.391+02:00,2026-10-01T14:25:04.749+00:00,0.056375266433538226,False,True,51,40,0,<ABSENT>,jupiter,False,0.056375266433538226,0.0,0.0,
r3PEpRq2m5r4x57TaxidEtrWDmfSAHzMt2A5y9Mpump,2026-10-01T16:24:27.361+02:00,2026-10-01T14:24:25.391+00:00,0.03167538651981256,False,True,51,51,0,<ABSENT>,jupiter,False,0.03167538651981256,0.0,0.0,
AeafMCoQGFqGHZgYoxT1UwRB4HQSwuzUA3HsQtGjpump,2026-10-01T16:24:12.933+02:00,2026-10-01T14:23:57.265+00:00,0.07187742992511609,False,True,51,51,0,<ABSENT>,jupiter,False,0.07187742992511609,0.0,0.0,
Fjbieaw7tsm6n5bqjEPsEGCF7czXDAwhkruJmWFBpump,2026-10-01T16:23:44.795+02:00,2026-10-01T14:23:41.741+00:00,0.033462824707032914,False,True,51,51,0,<ABSENT>,jupiter,False,0.033462824707032914,0.0,0.0,
HQVgeaGiXyCDH2HyHpXQbd5PXG6tmdXR854nHW4zpump,2026-10-01T16:23:44.790+02:00,2026-10-01T14:23:29.000+00:00,0.1662039708217368,False,True,51,51,0,<ABSENT>,jupiter,True,0.1662039708217368,0.0,0.0,
5dmQ6YxFuaVLUvZNVjV9qHLu9BSHMm4qRPRNqhxipump,2026-10-01T16:23:29.200+02:00,2026-10-01T14:23:26.833+00:00,0.07854693695731381,False,True,51,51,0,<ABSENT>,jupiter,False,0.07854693695731381,0.0,0.0,
CTPf1jMqReeQeuNzd4bqEmprNDEym9JmaDXCCEeHpump,2026-10-01T16:23:14.382+02:00,2026-10-01T14:23:03.418+00:00,0.11794088114064998,False,True,51,51,0,<ABSENT>,jupiter,False,0.11794088114064998,0.0,0.0,
DoJE4nGokFKpfvsYSsBvaeKCFNEAbrvzdJUirETmMgLZ,2026-10-01T16:22:50.950+02:00,2026-10-01T14:22:49.324+00:00,0.1611259249197017,False,True,51,51,0,<ABSENT>,jupiter,False,0.1611259249197017,0.0,0.0,
9v9gJt4EymZh9iHLpGGGgX5eXQFMsmg7GKR9Z2xfVeix,2026-10-01T16:22:24.385+02:00,2026-10-01T14:22:15.933+00:00,0.11459240667623062,False,True,51,51,0,<ABSENT>,jupiter,False,0.11459240667623062,0.0,0.0,
7NAqfmXtzYTkCwsPfDc48pyztP5ECuFGwG5NvYfYpump,2026-10-01T16:22:24.380+02:00,2026-10-01T14:22:14.000+00:00,0.3201850052494838,False,True,51,51,0,<ABSENT>,jupiter,True,0.3201850052494838,0.0,0.0,
4vVokzVDDwBZRneEBAdbfxnD93fn9o4ohpQMY7Pppump,2026-10-01T16:22:03.462+02:00,2026-10-01T14:21:47.006+00:00,0.05319543100708256,False,True,51,51,0,<ABSENT>,jupiter,False,0.05319543100708256,0.0,0.0,
9MZVPYexji2zaXjqeBFoGgkNEBDBqyW8Zzmg7maqpump,2026-10-01T16:21:34.540+02:00,2026-10-01T14:21:19.677+00:00,0.0607230265413113,False,True,51,51,0,<ABSENT>,jupiter,False,0.0607230265413113,0.0,0.0,
3mBG1Dt5TxujDN2XbFVrQPrYVSSMgwkQiYpLPoqKpump,2026-10-01T16:21:34.534+02:00,2026-10-01T14:21:19.677+00:00,0.4352933371489766,False,True,51,51,0,<ABSENT>,jupiter,False,0.4352933371489766,0.0,0.0,
ksaLzmPKHcRjSXz9jg6dUxnA65w4nDyLUKUGiLipump,2026-10-01T16:21:07.191+02:00,2026-10-01T14:20:40.473+00:00,0.049337910850136876,False,True,51,51,0,<ABSENT>,jupiter,False,0.049337910850136876,0.0,0.0,
HB3qkthPziTrUjPwbYXrLzWkT3mdDUcUMtNLWmV4pump,2026-10-01T16:21:07.186+02:00,2026-10-01T14:20:40.473+00:00,0.10397868227841887,False,True,51,51,0,<ABSENT>,jupiter,False,0.10397868227841887,0.0,0.0,
ELRaYFXkZqdENm7wyjATnn4dPVdCtgHCpdkrMpSxpump,2026-10-01T16:21:07.182+02:00,2026-10-01T14:20:40.473+00:00,0.02952511653930885,False,True,51,51,0,<ABSENT>,jupiter,False,0.02952511653930885,0.0,0.0,
DhARA4KhXfFK6MAdNCsA9AaG9FpDEmRiwRnmcULNTddb,2026-10-01T16:21:07.179+02:00,2026-10-01T14:20:40.473+00:00,0.08086601997047733,False,True,51,51,0,<ABSENT>,jupiter,False,0.08086601997047733,0.0,0.0,
CYcz9ZE1vu49Pv7FeLUwPEag6SaZvUbhYjoxjKEGpump,2026-10-01T16:21:07.173+02:00,2026-10-01T14:20:40.473+00:00,0.12529738359796339,False,True,51,51,0,<ABSENT>,jupiter,False,0.12529738359796339,0.0,0.0,
7md9gvpPF3PVDdshqKpfgd7nBnrUfzrFMpJ5VdvyDHyx,2026-10-01T16:21:07.137+02:00,2026-10-01T14:20:40.473+00:00,0.13176257787029047,False,True,51,51,0,<ABSENT>,jupiter,False,0.13176257787029047,0.0,0.0,
HyDTgY6b1kwwhY3RFNKvVDDScoDDbB7HVQqAJzRaVcM8,2026-10-01T16:19:22.453+02:00,2026-10-01T14:19:14.130+00:00,0.13775902446897406,False,True,51,51,0,<ABSENT>,jupiter,False,0.13775902446897406,0.0,0.0,
2Jv79vC87pG2X8Qv5cYu2BxLfpqK3pUDZZkPGJExpump,2026-10-01T16:19:01.653+02:00,2026-10-01T14:18:37.008+00:00,0.2754818838892589,False,True,51,51,0,<ABSENT>,jupiter,False,0.2754818838892589,0.0,0.0,
GNPbrDStXY2pPxZSBESV1xGKbn2u4ADiH3cCQwkSpump,2026-10-01T16:19:01.650+02:00,2026-10-01T14:18:37.008+00:00,0.06867506848034836,False,True,51,51,0,<ABSENT>,jupiter,False,0.06867506848034836,0.0,0.0,
9iLNRNEjexHeSf7Zo6cj32LbWuRtF2mdXdMjFhiGpump,2026-10-01T16:19:01.645+02:00,2026-10-01T14:18:37.008+00:00,0.14289313676884688,False,True,51,51,0,<ABSENT>,jupiter,False,0.14289313676884688,0.0,0.0,
AbjVd7bHkFkibUQBcRdtqJn5J4nABRMDX9d2rkF5pump,2026-10-01T16:18:24.530+02:00,2026-10-01T14:18:23.156+00:00,0.12418387160125643,False,True,51,51,0,<ABSENT>,jupiter,False,0.12418387160125643,0.0,0.0,
DCquzHXBPXTTyvs6M2v7axPJmpS7YYsysWZiy6mZWufd,2026-10-01T16:17:45.758+02:00,2026-10-01T14:17:42.444+00:00,0.09557988198329365,False,True,51,51,0,<ABSENT>,jupiter,False,0.09557988198329365,0.0,0.0,
4sGCH7f8UTRX2vzKkxYfWa5jazrH6BvfXdodbWq8pump,2026-10-01T16:17:29.937+02:00,2026-08-23T16:02:38.000+00:00,0.1081430739113129,False,True,51,51,0,<ABSENT>,jupiter,True,0.1081430739113129,0.0,0.0,
Hnobd8JJvnuh2AZ47MzQVFruRqcu4BqvDSPgfKoSpump,2026-10-01T16:16:56.529+02:00,2026-10-01T14:16:48.318+00:00,0.03859735133378841,False,True,51,51,0,<ABSENT>,jupiter,False,0.03859735133378841,0.0,0.0,
8DVEh2yo3iTqQThHp5Twnhf9Tq4M3SQG2ZdVPcu1pump,2026-10-01T16:16:56.526+02:00,2026-10-01T14:16:48.318+00:00,0.0968844256127798,False,True,51,51,0,<ABSENT>,jupiter,False,0.0968844256127798,0.0,0.0,
GsULKXoXuYv2c68aoh5YdP8u495yyWbdnPWkAJcApump,2026-10-01T16:16:56.523+02:00,2026-10-01T14:16:44.000+00:00,0.21872552928041447,False,True,51,51,0,<ABSENT>,jupiter,True,0.21872552928041447,0.0,0.0,
GFG2cM94DhGBDzrU2JSutv7zUYTMZozksTp7suA5pump,2026-10-01T16:16:56.519+02:00,2026-10-01T14:16:48.318+00:00,0.1027239846785116,False,True,51,51,0,<ABSENT>,jupiter,False,0.1027239846785116,0.0,0.0,
6vtAh1RYL1KuwTvHUCD2Uyj4oCbbQYnhckadXjpwpump,2026-10-01T16:16:35.850+02:00,2026-10-01T14:16:18.220+00:00,0.05469014332631769,False,True,51,51,0,<ABSENT>,jupiter,False,0.05469014332631769,0.0,0.0,
2yQFpQKsizzp6o6zweAwNDXrhekAtv2KkrE4WnYRpump,2026-10-01T16:16:35.845+02:00,2026-10-01T14:16:18.220+00:00,0.10146329060013802,False,True,51,51,0,<ABSENT>,jupiter,False,0.10146329060013802,0.0,0.0,
ApVU4FryK8qLb4U9hmj2Yj9PLHA2w9pqzkaLRmPLpump,2026-10-01T16:15:38.855+02:00,2026-10-01T14:15:36.514+00:00,0.03417895742580905,False,True,51,51,0,<ABSENT>,jupiter,False,0.03417895742580905,0.0,0.0,
5M4srLiKQ74BHYvHJvbjQcGYjLvq3nmGJNeqy65Hzohm,2026-10-01T16:15:38.849+02:00,2026-10-01T14:15:36.514+00:00,0.04561388558862832,False,True,51,51,0,<ABSENT>,jupiter,False,0.04561388558862832,0.0,0.0,
GkG92paZkAUDP4KxZGuK87ja3gF4Zrey7oW47YNepump,2026-10-01T16:15:24.017+02:00,2026-10-01T14:15:04.698+00:00,0.1485596962911429,False,True,51,51,0,<ABSENT>,jupiter,False,0.1485596962911429,0.0,0.0,
8wD3NKUA8BPavEhDuPmKGFDSNPogP4d1ptBqPQD9pump,2026-10-01T16:15:24.001+02:00,2026-10-01T14:15:04.698+00:00,0.03167538651981256,False,True,51,51,0,<ABSENT>,jupiter,False,0.03167538651981256,0.0,0.0,
BogTdR56a3Qsyc871X5iXBtFfzd7WJ9STwbxYMKuzLxP,2026-10-01T16:14:52.231+02:00,2026-10-01T14:14:40.793+00:00,0.0808221369329626,False,True,51,51,0,<ABSENT>,jupiter,False,0.0808221369329626,0.0,0.0,
8dQHpZhFN7HXcGuRdZPVzA7pzCPUPzVfz6Z7mXwJpump,2026-10-01T16:13:05.304+02:00,2026-10-01T14:13:04.115+00:00,0.05055605235355853,False,True,51,51,0,<ABSENT>,jupiter,False,0.05055605235355853,0.0,0.0,
4sYD1QHmrzZ3XTQJCZ7ADAaQrGK4szytn9ZzfFCApump,2026-10-01T16:12:51.641+02:00,2026-10-01T14:12:34.407+00:00,0.049854933105971444,False,True,51,51,0,<ABSENT>,jupiter,False,0.049854933105971444,0.0,0.0,
DDgSmTXhcHMNqfDqQ7mQzCPn2U2S2NFeYQ6Qvttjpump,2026-10-01T16:12:51.634+02:00,2026-10-01T14:12:34.407+00:00,0.07325767575077813,False,True,51,51,0,<ABSENT>,jupiter,False,0.07325767575077813,0.0,0.0,
6g5yxQs4c3NgZZhpsGY9TD52WzLyJdN7rX5D5qpXfWs2,2026-10-01T16:12:09.224+02:00,2026-10-01T14:11:58.000+00:00,0.21164505618474963,False,True,51,51,0,<ABSENT>,jupiter,True,0.21164505618474963,0.0,0.0,
Gxtvpa7DpSonLSYwp3ka7xtQHVj8YQJJEWMUbAtapump,2026-10-01T16:12:09.220+02:00,2026-10-01T14:12:03.819+00:00,0.17523709179508193,False,True,51,51,0,<ABSENT>,jupiter,False,0.17523709179508193,0.0,0.0,
GNKznccYF9Xkb38BUyE6Ncc7j1mxJ85RDGazhpsNpump,2026-10-01T16:11:51.349+02:00,2026-10-01T14:11:33.523+00:00,0.16901429638627682,False,True,51,51,0,<ABSENT>,jupiter,False,0.16901429638627682,0.0,0.0,
Ff1z2FaKEQFUD7AV7n6yCBQs1p53ZGy5HH5u5MWCmVnu,2026-10-01T16:11:21.057+02:00,2026-10-01T14:11:07.427+00:00,0.1421283573323489,False,True,51,51,0,<ABSENT>,jupiter,False,0.1421283573323489,0.0,0.0,
E6N3K4GJrnNVyym5dNjd1Z45zKkMCqC8oaphSiiEpump,2026-10-01T16:10:54.961+02:00,2026-10-01T14:10:45.799+00:00,0.14270851888954122,False,True,51,51,0,<ABSENT>,jupiter,False,0.14270851888954122,0.0,0.0,
2qmYd4hd6zzKynEfyto76MbnCmPkd6jw6NrX6jfSpump,2026-10-01T16:10:54.958+02:00,2026-10-01T14:10:45.799+00:00,0.11772517284151536,False,True,51,51,0,<ABSENT>,jupiter,False,0.11772517284151536,0.0,0.0,
7m3E9t8Y9xnXrF8PzjYXKyxhNUCc3tFmWKeK2zNEpump,2026-10-01T16:10:54.952+02:00,2026-10-01T14:10:45.799+00:00,0.0438675153570486,False,True,51,40,0,<ABSENT>,jupiter,False,0.0438675153570486,0.0,0.0,
DCJDFm35LBcuxDySPBBJuhxCjPGAjct31oeK2JEL5DZw,2026-10-01T16:10:54.948+02:00,2026-10-01T14:10:45.799+00:00,0.18584487654797252,False,True,51,51,0,<ABSENT>,jupiter,False,0.18584487654797252,0.0,0.0,
VqdKV13CEQ3fPHZmuTrumSSbu8XMe7bNYHEff6gpump,2026-10-01T16:10:33.334+02:00,2026-10-01T14:10:15.781+00:00,0.062165042539268724,False,True,51,51,0,<ABSENT>,jupiter,False,0.062165042539268724,0.0,0.0,
6vACQcfU3REgpPW1EuWk522ioPcERojQqcC5kZcpump,2026-10-01T16:10:33.330+02:00,2026-10-01T14:10:15.781+00:00,0.1408892051979281,False,True,51,51,0,<ABSENT>,jupiter,False,0.1408892051979281,0.0,0.0,
6YDZrXHgU2h6DDXxDrHb54x1rouHTDtgqNnGJ9mWpump,2026-10-01T16:10:03.271+02:00,2026-10-01T14:09:43.611+00:00,0.049854933105971444,False,True,51,51,0,<ABSENT>,jupiter,False,0.049854933105971444,0.0,0.0,
26TFz48bFCsyCkPATbuTxPuQFfEAYmGrot2hqpPQpump,2026-10-01T16:10:03.268+02:00,2026-10-01T14:09:43.611+00:00,0.04710307376401594,False,True,51,40,0,<ABSENT>,jupiter,False,0.04710307376401594,0.0,0.0,
7NnGci3xxLQMVuy2TbZVXef3oPd5Zh3r6sdhZ5g4pump,2026-10-01T16:09:31.152+02:00,2026-10-01T14:09:14.206+00:00,0.06699432378918643,False,True,51,51,0,<ABSENT>,jupiter,False,0.06699432378918643,0.0,0.0,
9Fq9akXDHax3CZQk1YGiEDSX5Quwq7A8LKgRYYTUpump,2026-10-01T16:09:01.727+02:00,2026-10-01T14:08:45.511+00:00,0.040640920661203346,False,True,51,51,0,<ABSENT>,jupiter,False,0.040640920661203346,0.0,0.0,
8xgdxjJjoQVKVrcEk2q7DASEdUwN6eRS4BPUjMHppump,2026-10-01T16:08:32.887+02:00,2026-10-01T14:08:30.977+00:00,0.05064768957249785,False,True,51,40,0,<ABSENT>,jupiter,False,0.05064768957249785,0.0,0.0,
CJoppeqvNKkM8Uh2D8xrpR8ivj3h4rCRzvedwFdepump,2026-10-01T16:08:18.495+02:00,2026-10-01T14:08:05.000+00:00,0.21996450339505114,False,True,51,51,0,<ABSENT>,jupiter,True,0.21996450339505114,0.0,0.0,
3WX8KdboLvEhEhoKygbSeF9ujCT64zCeE6KGWx66xAET,2026-10-01T16:08:18.489+02:00,2026-10-01T14:08:16.450+00:00,0.04296366898236514,False,True,51,51,0,<ABSENT>,jupiter,False,0.04296366898236514,0.0,0.0,
4xuFyji3GZWqyMXexo87fWGtKvnWREEP7cPkMywrpump,2026-10-01T16:08:03.783+02:00,2026-10-01T14:07:59.254+00:00,0.08124439130864232,False,True,51,40,0,<ABSENT>,jupiter,False,0.08124439130864232,0.0,0.0,
9b6udPYWswHxz7Rw4dbZgqvKdHXFYLuQW7UkHH1Ppump,2026-10-01T16:08:03.780+02:00,2026-10-01T14:07:49.000+00:00,0.17425228169491871,False,True,51,51,0,<ABSENT>,jupiter,True,0.17425228169491871,0.0,0.0,
ACLjA8MJypDUutwSnjPoWy8bG4hj73gDCAebuoqDpump,2026-10-01T16:08:03.776+02:00,2026-10-01T14:07:59.254+00:00,0.08136819368381767,False,True,51,40,0,<ABSENT>,jupiter,False,0.08136819368381767,0.0,0.0,
4UYKmd4chVNbLcvHezeXaLVwo8ZLvatnWyx5wKsMpump,2026-10-01T16:07:46.778+02:00,2026-10-01T14:07:29.962+00:00,0.06252910011650675,False,True,51,51,0,<ABSENT>,jupiter,False,0.06252910011650675,0.0,0.0,
Ape6J8id7RmGyji78ktmerbtn2ycGhS6TMV8KsUbpump,2026-10-01T16:07:03.995+02:00,2026-10-01T14:06:59.601+00:00,0.229289859693477,False,True,51,51,0,<ABSENT>,jupiter,False,0.229289859693477,0.0,0.0,
HCwP22KvpjpV4J5Cdk7vYz58WAET85ut2nYn8ACupump,2026-10-01T16:06:34.662+02:00,2026-10-01T14:06:30.084+00:00,0.04615763884581512,False,True,51,51,0,<ABSENT>,jupiter,False,0.04615763884581512,0.0,0.0,
AMRhaNMdKgVpxFLDTjAy3Uh2ngLrwjZjEpcifXydpump,2026-10-01T16:06:34.657+02:00,2026-10-01T14:06:30.084+00:00,0.13641924752055315,False,True,51,51,0,<ABSENT>,jupiter,False,0.13641924752055315,0.0,0.0,
BD4sMx4yQNF3X54CqL3wgDeYVBPLHQia1UJtf3Q6pump,2026-10-01T16:06:17.616+02:00,2026-10-01T14:06:15.681+00:00,0.06642071466487759,False,True,51,40,0,<ABSENT>,jupiter,False,0.06642071466487759,0.0,0.0,
EuoP9kbyHJewCz12vSE12KpoCJMTJhdjKowFLadqpump,2026-10-01T16:06:03.208+02:00,2026-10-01T14:05:52.347+00:00,0.084821095341183,False,True,51,51,0,<ABSENT>,jupiter,False,0.084821095341183,0.0,0.0,
Fn9yPE7piEUxFn78HuBrSL2yk5goD4mu6dtwz6k2pump,2026-10-01T16:05:27.415+02:00,2026-10-01T14:03:31.000+00:00,0.33511249676797905,False,True,51,51,0,<ABSENT>,jupiter,True,0.33511249676797905,0.0,0.0,
HYGsXPdzKkcyCtVYMLcBjUtSs7AnKDvZvJ2y2SmRpump,2026-10-01T16:04:48.545+02:00,2026-10-01T14:04:47.299+00:00,0.03722054948798528,False,True,51,51,0,<ABSENT>,jupiter,False,0.03722054948798528,0.0,0.0,
5ppTcfzdKirqUAd3zjeBGFcva3yvsi42Gq7XFXQMnTta,2026-10-01T16:04:34.824+02:00,2026-10-01T14:04:24.732+00:00,0.24466419316521476,False,True,51,51,0,<ABSENT>,jupiter,False,0.24466419316521476,0.0,0.0,
9JVnb12RNHo6Ke1Yy4PwdT6UVFTJ5v9kcn9iQWe6pump,2026-10-01T16:03:59.794+02:00,2026-10-01T14:03:27.000+00:00,0.12265660442509937,False,True,51,51,0,<ABSENT>,jupiter,True,0.12265660442509937,0.0,0.0,
BmE48ZV8oskSEEwrMmdHYQftWHNqrF2EP8wri53Tpump,2026-10-01T16:03:42.877+02:00,2026-10-01T14:03:40.810+00:00,0.04965711810939739,False,True,51,51,0,<ABSENT>,jupiter,False,0.04965711810939739,0.0,0.0,
9nhrZY7amfSBxtHrG72BCwT8oMB78TD13xDQx7Dypump,2026-10-01T16:03:28.344+02:00,2026-10-01T14:02:54.058+00:00,0.07226266524223131,False,True,51,51,0,<ABSENT>,jupiter,False,0.07226266524223131,0.0,0.0,
BKSX9kCNkCLMvroZMKYASDHthkZmKpvFERwtBnft6FM7,2026-10-01T16:03:28.339+02:00,2026-10-01T14:02:54.058+00:00,0.06295336234128858,False,True,51,51,0,<ABSENT>,jupiter,False,0.06295336234128858,0.0,0.0,
3SELy1h6Dsrasrzby6S4W4xMaC3ycqyv8mmdRG2rpump,2026-10-01T16:03:28.336+02:00,2026-10-01T14:02:54.058+00:00,0.048289177899285905,False,True,51,51,0,<ABSENT>,jupiter,False,0.048289177899285905,0.0,0.0,
Gz3bnr2h3vtKtzrYzzXG26f5dQSCBuWfPyzJtae6sJ1,2026-10-01T16:03:28.333+02:00,2026-10-01T14:02:54.058+00:00,0.16664531172937003,False,True,51,51,0,<ABSENT>,jupiter,False,0.16664531172937003,0.0,0.0,
EWphV8GdwjGyqPF8kJRGLM9nUUJ44Ci2DhZZyo9ipump,2026-10-01T16:02:41.583+02:00,2026-10-01T14:01:25.717+00:00,0.053765520575359056,False,True,51,51,0,<ABSENT>,jupiter,False,0.053765520575359056,0.0,0.0,
3Nt9awUSNMuKG3Kkp1yZ6moDkFcoTquJAQdqFbPrpump,2026-10-01T16:02:41.579+02:00,2026-10-01T14:01:25.717+00:00,0.15327174845065375,False,True,51,51,0,<ABSENT>,jupiter,False,0.15327174845065375,0.0,0.0,
5C8fk9pds9bn7hmxjM5rK56CQ2pJYMXqJXmnMsfJpump,2026-10-01T16:02:41.574+02:00,2026-10-01T14:00:53.000+00:00,0.17499662719187,False,True,51,51,0,<ABSENT>,jupiter,True,0.17499662719187,0.0,0.0,
CQ6y5X6tKUyuH2WUSV75TnqSp8FEoZjDh9gsCwfspump,2026-10-01T16:02:41.571+02:00,2026-10-01T14:01:25.717+00:00,0.05661488078378233,False,True,51,51,0,<ABSENT>,jupiter,False,0.05661488078378233,0.0,0.0,
6Sru4tvEp5Bgat1qteMxLMZ8dNgkegEa2iqiVzvXWRmn,2026-10-01T16:02:41.568+02:00,2026-10-01T14:01:25.717+00:00,0.2983952071545706,False,True,51,51,0,<ABSENT>,jupiter,False,0.2983952071545706,0.0,0.0,
4irYBNLaSxzqMgHMZBFR5qNomzMCjJ6phFDaSYacpump,2026-10-01T16:02:41.563+02:00,2026-10-01T14:01:25.717+00:00,0.06162057202593401,False,True,51,40,0,<ABSENT>,jupiter,False,0.06162057202593401,0.0,0.0,
E891itQZ8bN6axHmEjQhZBdsm9GBdCDyNpt2JK3FC8Av,2026-10-01T16:02:41.555+02:00,2026-10-01T14:01:25.717+00:00,0.07094391613233883,False,True,51,51,0,<ABSENT>,jupiter,False,0.07094391613233883,0.0,0.0,
GtV6g1ey2NERrcbvL5bdzrxRJQDfxpMaLU9oLtRipump,2026-10-01T15:59:46.008+02:00,2026-10-01T13:59:44.806+00:00,0.1869500443716155,False,True,51,51,0,<ABSENT>,jupiter,False,0.1869500443716155,0.0,0.0,
9b2TErku1jM8gd2DFVotGyXMdmPx2fcwvBuHPzqQpump,2026-10-01T15:59:32.336+02:00,2026-10-01T13:59:30.061+00:00,0.08716284637495647,False,True,51,51,0,<ABSENT>,jupiter,False,0.08716284637495647,0.0,0.0,
CGPGznptkasrvnbT3KjkN4kbCqPB65WwypS4shsYpump,2026-10-01T15:59:17.588+02:00,2026-10-01T13:59:00.000+00:00,0.11072029691399358,False,True,51,51,0,<ABSENT>,jupiter,True,0.11072029691399358,0.0,0.0,
55N8U8NPCEdEv5BvE1UchoD4DAjicECQQeUvmccHpump,2026-10-01T15:59:03.803+02:00,2026-10-01T13:59:00.919+00:00,0.04236082349808237,False,True,51,51,0,<ABSENT>,jupiter,False,0.04236082349808237,0.0,0.0,
93CNFFLDv1vRQmFZc8XCVQfmeXYUo7kntkNBi4N1pump,2026-10-01T15:59:03.796+02:00,2026-10-01T13:58:55.000+00:00,0.057366210500910744,False,True,51,51,0,<ABSENT>,jupiter,True,0.057366210500910744,0.0,0.0,
CoBCKcBH2pDKgRsFWRvXH1aKyZCmPN7UwAghK8A4pump,2026-10-01T15:58:48.459+02:00,2026-10-01T13:58:29.436+00:00,0.06774502543358185,False,True,51,51,0,<ABSENT>,jupiter,False,0.06774502543358185,0.0,0.0,
7Th6T2j1Y3zGDgBMc564vPTRZ2zSxWf27voxDTJRpump,2026-10-01T15:58:48.453+02:00,2026-10-01T13:58:18.000+00:00,0.1543510537976596,False,True,51,51,0,<ABSENT>,jupiter,True,0.1543510537976596,0.0,0.0,
3mh9agzaG2RAT2da7KhpQvK8RB4Q5SfgqR6PtNzrpump,2026-10-01T15:58:16.944+02:00,2026-10-01T13:58:07.508+00:00,0.13177499675544332,False,True,51,51,0,<ABSENT>,jupiter,False,0.13177499675544332,0.0,0.0,
4bLP4Dw1RvMN5KDefDARnh3Nwgo3PALFZTmGKD3iZyYz,2026-10-01T15:58:16.936+02:00,2026-10-01T13:58:07.508+00:00,0.08538980387901356,False,True,51,51,0,<ABSENT>,jupiter,False,0.08538980387901356,0.0,0.0,
A3EWxWQSY4RbrDmnqgLTFGSjEgMXEia58qUTHLq6pump,2026-10-01T15:57:42.576+02:00,2026-10-01T13:57:39.629+00:00,0.1149024117160417,False,True,51,51,0,<ABSENT>,jupiter,False,0.1149024117160417,0.0,0.0,
9UspYAqMy94MumrbdEwSquogSzrixkHX3UJZ1iRqpump,2026-10-01T15:57:27.157+02:00,2026-10-01T13:57:24.916+00:00,0.046602827756298204,False,True,51,51,0,<ABSENT>,jupiter,False,0.046602827756298204,0.0,0.0,
FuBQxcziNE8GD3hMP5DoZAfzGgb1gyVaQiRgAFPfpush,2026-10-01T15:56:59.931+02:00,2026-10-01T13:56:19.000+00:00,0.18683173060676372,False,True,51,51,0,<ABSENT>,jupiter,True,0.18683173060676372,0.0,0.0,
AKbrLRTdoYMS7F4RiwWcyTfobmSh7SGMRn8z9R3Y4SHY,2026-10-01T15:56:59.927+02:00,2026-10-01T13:56:44.127+00:00,0.13562408410169954,False,True,51,51,0,<ABSENT>,jupiter,False,0.13562408410169954,0.0,0.0,
2UTh5SeneR1zA1Y4ymbNiNpsa7iprT6wJYenprMKotPS,2026-10-01T15:56:59.920+02:00,2026-10-01T13:56:44.127+00:00,0.13526909680495353,False,True,51,51,0,<ABSENT>,jupiter,False,0.13526909680495353,0.0,0.0,
EQaZ5Lny9STFccwRnFFiW1hipd2HhYzXX3uBLAhZpump,2026-10-01T15:56:19.182+02:00,2026-10-01T13:56:11.449+00:00,0.042771530615679926,False,True,51,51,0,<ABSENT>,jupiter,False,0.042771530615679926,0.0,0.0,
DdESzuoM4u787h5Y5iBZciYKR6FrPKbRyoo6AYihpump,2026-10-01T15:55:58.992+02:00,2026-10-01T13:55:56.409+00:00,0.06055519366247726,False,True,51,51,0,<ABSENT>,jupiter,False,0.06055519366247726,0.0,0.0,
GULd8XSXGSp3UkubicmtHrHbyFFieSGBf12Rtbx4pump,2026-10-01T15:55:43.920+02:00,2026-10-01T13:55:42.000+00:00,0.2015040662356791,False,True,51,51,0,<ABSENT>,jupiter,True,0.2015040662356791,0.0,0.0,
4J8NgVcocCwurvMSJ3msfFNVc7VSbfxQozkK5NXtpump,2026-10-01T15:55:30.193+02:00,2026-10-01T13:55:10.136+00:00,0.16543922260986543,False,True,51,51,0,<ABSENT>,jupiter,False,0.16543922260986543,0.0,0.0,
7S32j5W9WCPatX1rErZ1ADLx6VHZcXSgN9sHnwHJpush,2026-10-01T15:55:30.186+02:00,2026-10-01T13:54:26.000+00:00,0.19778679680186495,False,True,51,51,0,<ABSENT>,jupiter,True,0.19778679680186495,0.0,0.0,
DhN9rYKuhfJrd485U5bzndVNND96CgEzbqRKgX9KsHd7,2026-10-01T15:54:57.674+02:00,2026-10-01T13:54:52.626+00:00,0.18157350391566726,False,True,51,51,0,<ABSENT>,jupiter,False,0.18157350391566726,0.0,0.0,
5goyDXx6hsUWbxkdNVD4ojqKpc6SRegxcqMePbKjpump,2026-10-01T15:54:57.669+02:00,2026-10-01T13:54:52.626+00:00,0.23252736532893417,False,True,51,51,0,<ABSENT>,jupiter,False,0.23252736532893417,0.0,0.0,
3TiixsE1eYGCCmNGFjduhtM6cG6ybg9ymLdFfC7zpump,2026-10-01T15:54:40.141+02:00,2026-10-01T13:54:13.937+00:00,0.06500416031179337,False,True,51,51,0,<ABSENT>,jupiter,False,0.06500416031179337,0.0,0.0,
ZfsGMNyi5h6ZYkfnXVBp2TENnH4AEJEAhDmqvpWpump,2026-10-01T15:54:40.135+02:00,2026-10-01T13:54:13.937+00:00,0.08711002246515669,False,True,51,51,0,<ABSENT>,jupiter,False,0.08711002246515669,0.0,0.0,
6jdzGhqJqZdBv4ogPSmyn7RbFY5ddBWomkcqbKv8pump,2026-10-01T15:53:29.888+02:00,2026-10-01T13:53:22.772+00:00,0.09660938665485483,False,True,51,51,0,<ABSENT>,jupiter,False,0.09660938665485483,0.0,0.0,
HTU5iSWNqwNYAvWydjjEx9gsH2e25g9uWnhQgKubpump,2026-10-01T15:53:29.885+02:00,2026-10-01T13:53:22.772+00:00,0.0574771331855568,False,True,51,51,0,<ABSENT>,jupiter,False,0.0574771331855568,0.0,0.0,
HsWws2ZzAYFKo1WtTm6VwfhbgbWRjTggXzNCUoVapump,2026-10-01T15:53:29.878+02:00,2026-10-01T13:53:22.772+00:00,0.12448686748497417,False,True,51,51,0,<ABSENT>,jupiter,False,0.12448686748497417,0.0,0.0,
ERHm5gjtHZ3M6S1w3V5sLYyjjN4zXb34hZrdSGrSpump,2026-10-01T15:53:29.870+02:00,2026-10-01T13:53:22.772+00:00,0.2276336067989311,False,True,51,51,0,<ABSENT>,jupiter,False,0.2276336067989311,0.0,0.0,
EfYgSuHYEbBWeHbyqyG8iKw21ESPBLE8deDqeTDtWT1i,2026-10-01T15:53:29.862+02:00,2026-10-01T13:53:22.772+00:00,0.13515204128177022,False,True,51,51,0,<ABSENT>,jupiter,False,0.13515204128177022,0.0,0.0,
BKh1k8oswYVujzMUGNtwJPL4rmE8MpQM2prARZWSpump,2026-10-01T15:53:10.315+02:00,2026-10-01T13:53:02.156+00:00,0.18682909879112447,False,True,51,51,0,<ABSENT>,jupiter,False,0.18682909879112447,0.0,0.0,
C5e65T7GRdk7A2RmHgzuMzd9AJiRiWscdV2goHASHqKT,2026-10-01T15:52:49.528+02:00,2026-10-01T13:52:39.881+00:00,0.07556871046558908,False,True,51,51,0,<ABSENT>,jupiter,False,0.07556871046558908,0.0,0.0,
EPYEYg89zGLUbEPbRSDySZjbSp6GY5sxfNSTrgQAvCa5,2026-10-01T15:52:27.381+02:00,2026-10-01T13:52:25.118+00:00,0.17166919121166915,False,True,51,51,0,<ABSENT>,jupiter,False,0.17166919121166915,0.0,0.0,
53za5Ug3yEsLutC9XmA3jKJipEW9z3Zhw9ZNooU9pump,2026-10-01T15:52:12.626+02:00,2026-10-01T13:52:02.963+00:00,0.019069652804455172,False,True,51,51,0,<ABSENT>,jupiter,False,0.019069652804455172,0.0,0.0,
Dn3XwbtZcedzuPRDQ7Km6XgNiWe9gnnm6Vj3cyMv2KzN,2026-10-01T15:51:50.498+02:00,2026-10-01T13:51:43.453+00:00,0.27373845957253873,False,True,51,51,0,<ABSENT>,jupiter,False,0.27373845957253873,0.0,0.0,
E1cZeNQdVMXoJfsDuSVSprZMVbS9ZsrpfhaAvLnypump,2026-10-01T15:51:30.992+02:00,2026-10-01T13:51:12.554+00:00,0.041447974237693135,False,True,51,51,0,<ABSENT>,jupiter,False,0.041447974237693135,0.0,0.0,
GvBhKUEMinuBHw3FhfE4AxWfccMZzr2hFTSr59KWpump,2026-10-01T15:51:30.989+02:00,2026-10-01T13:51:12.554+00:00,0.04884766886352621,False,True,51,51,0,<ABSENT>,jupiter,False,0.04884766886352621,0.0,0.0,
8LWAjUzPGFegq2Y3EL8dXWmeH59sqE8WuahFWdCspump,2026-10-01T15:51:30.985+02:00,2026-10-01T13:51:12.554+00:00,0.03542881209707857,False,True,51,51,0,<ABSENT>,jupiter,False,0.03542881209707857,0.0,0.0,
AF8CYWbip2H8qivVcHpqsYkLRGGQSHNnY84hKVEa7z8f,2026-10-01T15:50:35.140+02:00,2026-10-01T13:50:17.000+00:00,0.20640482539968247,False,True,51,51,0,<ABSENT>,jupiter,True,0.20640482539968247,0.0,0.0,
G3kTgwfTYtagCohEpUtFiXPaESYhp5S4r7yZkA5d9w6d,2026-10-01T15:50:06.449+02:00,2026-10-01T13:50:05.291+00:00,0.052559713181068626,False,True,51,51,0,<ABSENT>,jupiter,False,0.052559713181068626,0.0,0.0,
FsnM2tvBWYuYK8AUoEcdzpAH86RCJUBD76oR8pYwuWoe,2026-10-01T15:49:52.810+02:00,2026-10-01T13:49:50.687+00:00,0.12529985738709357,False,True,51,51,0,<ABSENT>,jupiter,False,0.12529985738709357,0.0,0.0,
F2HuC6ykRK7stq7toxT48hqA6LhwE23So1RxnUbJpump,2026-10-01T15:49:38.221+02:00,2026-10-01T13:49:34.000+00:00,0.181207106570601,False,True,51,51,0,<ABSENT>,jupiter,True,0.181207106570601,0.0,0.0,
4zg3xzQcy5a69G6AZPrpqrvYxWt1AsaEZPdy5iAnpump,2026-10-01T15:49:23.201+02:00,2026-10-01T13:49:18.018+00:00,0.02444214343139024,False,True,51,51,0,<ABSENT>,jupiter,False,0.02444214343139024,0.0,0.0,
JBDNjdTSJFKioQEiwjWAr8b6sg3efVo4QDx2hfgKpump,2026-10-01T15:49:23.149+02:00,2026-10-01T13:49:18.018+00:00,0.15682458742093153,False,True,51,51,0,<ABSENT>,jupiter,False,0.15682458742093153,0.0,0.0,
Hs1RnNixQNiEfHT29paV9XUhtGt2cBXQX57PpoStpump,2026-10-01T15:49:23.146+02:00,2026-10-01T13:49:18.018+00:00,0.07900660248400565,False,True,51,51,0,<ABSENT>,jupiter,False,0.07900660248400565,0.0,0.0,
5EZHoA5ozTxnSDBDptJfhGxqVvykfxHhwHJUTaiapump,2026-10-01T15:49:23.142+02:00,2026-10-01T13:49:18.018+00:00,0.10415116963082582,False,True,51,51,0,<ABSENT>,jupiter,False,0.10415116963082582,0.0,0.0,
2E2MKJn9HVtz32hgp3D1AmJBRpZ5PNbJUrS49eicpump,2026-10-01T15:49:05.460+02:00,2026-10-01T13:48:46.680+00:00,0.05246148013498944,False,True,51,51,0,<ABSENT>,jupiter,False,0.05246148013498944,0.0,0.0,
4wTZuWma7awpBq3duxs4cExPAHnxYSRu9yAPjpN7UBwb,2026-10-01T15:49:05.455+02:00,2026-10-01T13:48:46.680+00:00,0.1717499334910551,False,True,51,51,0,<ABSENT>,jupiter,False,0.1717499334910551,0.0,0.0,
44ig4eekn4Ungq2fbkh92ABZR1P5GN9KSALRL7uYpump,2026-10-01T15:48:34.216+02:00,2026-10-01T13:48:32.168+00:00,0.052045413249885916,False,True,51,51,0,<ABSENT>,jupiter,False,0.052045413249885916,0.0,0.0,
6ycC8DifbBVJqAaY8HZNQDV8TwRAaZieisU3uiRnpump,2026-10-01T15:48:34.209+02:00,2026-10-01T13:48:32.168+00:00,0.09156229519879115,False,True,51,51,0,<ABSENT>,jupiter,False,0.09156229519879115,0.0,0.0,
8ypYfW5cjafrfAZij8TZj5SFHAbPNpiRio96LMzypDkn,2026-10-01T15:48:19.693+02:00,2026-10-01T13:47:58.904+00:00,0.16718305406009423,False,True,51,51,0,<ABSENT>,jupiter,False,0.16718305406009423,0.0,0.0,
CaEqLwYrz9xdeedke6CgVeDrzseKx38gBz7bazQYDt5P,2026-10-01T15:47:46.437+02:00,2026-10-01T13:47:37.566+00:00,0.18233163699187255,False,True,51,51,0,<ABSENT>,jupiter,False,0.18233163699187255,0.0,0.0,
B6RBNFaQjHWWBFGZw94p5aycaFCBThwFhUuKEiJTpump,2026-10-01T15:47:25.105+02:00,2026-10-01T13:47:23.060+00:00,0.03484043432735394,False,True,51,51,0,<ABSENT>,jupiter,False,0.03484043432735394,0.0,0.0,
Ebh7h6rE7gA5My83iyAbKHH7pgsvJV7n9jsgs1x3pump,2026-10-01T15:47:10.595+02:00,2026-10-01T13:47:07.841+00:00,0.1928370556249988,False,True,51,51,0,<ABSENT>,jupiter,False,0.1928370556249988,0.0,0.0,
hLxpnK8td5uTVp6ruQm85gz8HY7HHceRexu8LLmpump,2026-10-01T15:46:55.377+02:00,2026-10-01T13:46:47.000+00:00,0.1953835197701096,False,True,51,51,0,<ABSENT>,jupiter,True,0.1953835197701096,0.0,0.0,
J54xPeJjzG3Ni52W9zLRrmFtmR93oXiRfKhgoFUSpump,2026-10-01T15:46:03.225+02:00,2026-10-01T13:45:43.684+00:00,0.1402575149729757,False,True,51,51,0,<ABSENT>,jupiter,False,0.1402575149729757,0.0,0.0,
8S276SGt1r3ipdC6m6gLvCeiHqaRiSUXrors8cUJpump,2026-10-01T15:46:03.217+02:00,2026-10-01T13:45:43.684+00:00,0.04746238256003189,False,True,51,51,0,<ABSENT>,jupiter,False,0.04746238256003189,0.0,0.0,
3d217yF9DFKKrDncj338yTscpR7ENMJTfuunUJm5pump,2026-10-01T15:45:31.220+02:00,2026-10-01T13:45:27.578+00:00,0.21462484932470133,False,True,51,51,0,<ABSENT>,jupiter,False,0.21462484932470133,0.0,0.0,
55c7Pebv8DqDdxynpgRZShpVwZQaqo9G282upDc8pump,2026-10-01T15:45:31.212+02:00,2026-10-01T13:45:27.578+00:00,0.36608716815300824,False,True,51,51,0,<ABSENT>,jupiter,False,0.36608716815300824,0.0,0.0,
BTsCQjkbrQrdfKqVcG6RtNz9n1RVNYLgj4hL3qXXpump,2026-10-01T15:45:15.112+02:00,2026-10-01T13:45:12.079+00:00,0.18580497664257004,False,True,51,51,0,<ABSENT>,jupiter,False,0.18580497664257004,0.0,0.0,
H3wKFhc5tLCNVcdignx3eB76GxKJFosSVAgXopDxpump,2026-10-01T15:44:59.620+02:00,2026-10-01T13:44:38.822+00:00,0.05577198116905106,False,True,51,51,0,<ABSENT>,jupiter,False,0.05577198116905106,0.0,0.0,
3LzCa26Mh84dK5aFPCHysg5ZTDVLCfaoLPKxL7UaSX5z,2026-10-01T15:44:59.615+02:00,2026-10-01T13:44:38.822+00:00,0.03625593770555969,False,True,51,51,0,<ABSENT>,jupiter,False,0.03625593770555969,0.0,0.0,
5eEusGZm5B639iVpRfdv1sXVdaTAQuFwrksVx329pump,2026-10-01T15:44:26.356+02:00,2026-10-01T13:44:08.418+00:00,0.2714065181571828,False,True,51,51,0,<ABSENT>,jupiter,False,0.2714065181571828,0.0,0.0,
GE3F47eaaK1vqA6V6pk1rX5h8E7iaGn3vo1DyGNmpump,2026-10-01T15:44:26.351+02:00,2026-10-01T13:44:08.418+00:00,0.14925273743534173,False,True,51,51,0,<ABSENT>,jupiter,False,0.14925273743534173,0.0,0.0,
BbbVeaWnQdCsqEejM93wkpZ9CXdkjqv39X9kJRJZxrqM,2026-10-01T15:44:26.348+02:00,2026-10-01T13:44:08.418+00:00,0.25956847149295353,False,True,51,51,0,<ABSENT>,jupiter,False,0.25956847149295353,0.0,0.0,
AoQveS7PTniR7vBA5BmSf5p78ZeN4op4Ntxey48Npump,2026-10-01T15:44:26.342+02:00,2026-10-01T13:44:08.418+00:00,0.04448106976710473,False,True,51,51,0,<ABSENT>,jupiter,False,0.04448106976710473,0.0,0.0,
H3NJL31MZyELu2NyxtoJA4ej8ESEHtQfxZGDVwdjpump,2026-10-01T15:43:43.426+02:00,2026-10-01T13:43:40.095+00:00,0.19068472125021427,False,True,51,51,0,<ABSENT>,jupiter,False,0.19068472125021427,0.0,0.0,
