mint,t0_ts,oos_score,rescore,delta_oos_minus_rescore,buy_vol_usd_60s,n_recipe_cols_present
tRLRzPFshvQ8HgGEAX7mzGpwQAfznC86DunHNmLpump,2026-09-10 12:16:47.000 UTC,0.9994710766182362,0.9998287352485594,-0.000357658630323221,508967.657957959,50
4M3gYZ2dQ39KuBuJYVmQi5qrtFfMpMWHpJhhx7Wapump,2026-09-22 07:03:04.000 UTC,0.9998456806403022,0.9998456806403022,0.0,346531.10443732166,50
25vDtFACaScGXszJ4AnqJq7LogwtrjHPRo75WmyEpump,2026-09-18 23:44:42.000 UTC,0.9995855564826572,0.9998200805433486,-0.00023452406069135456,461143.1588423792,50
XrwLuWhFVCdcksfzZRuBq3As2RXZGyhgGkqB8sbpump,2026-09-21 02:16:34.000 UTC,0.9998336135332953,0.9998336135332951,1.1102230246251565e-16,560937.8447465647,50
MVRZ11AUdwYsD2W7Lr3xUR3CgKaBf2dKtKUebcnpump,2026-09-21 16:43:51.000 UTC,0.9998258517557967,0.9998258517557969,-1.1102230246251565e-16,588126.2870913403,50
CSPnXf9HUVmx6fFV75s8WS3dzicZTFiVLGLdfn8pump,2026-09-21 04:05:15.000 UTC,0.9998336135332953,0.9998336135332951,1.1102230246251565e-16,551916.134654831,50
Fs8hZK6ipzH3ue4jdxMB1KJjeutue4irNSf2bNTbpump,2026-09-11 01:45:09.000 UTC,0.9986211988786068,,,503406.1071834256,11
G4G4cN8BLGaDe7yS7KSwegFDPACaBbM2d1ZFXYhMpump,2026-09-22 05:50:37.000 UTC,0.9998258517557967,0.9998258517557969,-1.1102230246251565e-16,477624.4267417162,50
4X9d1Mc1cXJUFXtADbAuMkQniK9411dvAP1ovCFopump,2026-09-22 06:05:17.000 UTC,0.9998258517557967,0.9998258517557969,-1.1102230246251565e-16,476614.8771076142,50
eLRG3yxPgXkLgxWr52ZeJRYHn2FhP95UwSKkeFbpump,2026-09-10 01:12:32.000 UTC,0.9994710766182362,0.9997995037737603,-0.0003284271555240581,411226.74743567343,50
2ahcm3vhbPTi7WzECWW7Jb7uP4mEyVRCHsRTzvaDpump,2026-09-22 06:21:58.000 UTC,0.9998258517557967,0.9998258517557969,-1.1102230246251565e-16,417124.5240621877,50
wbf55KygjChmSMkTeVTmQ3j7vuGqVdKQbdRfg6epump,2026-09-22 06:42:20.000 UTC,0.99985275449228,0.99985275449228,0.0,358828.6455627236,50
XhaL1oj4NpSTfG9H4twcYE5gz86YXSKgGGnw6vipump,2026-09-21 06:06:07.000 UTC,0.9998052145221236,0.9998052145221236,0.0,339298.27345716447,50
po8Qbe4bsWoYuDbAqfUFsPfiks3v3hmcmDL4keZpump,2026-09-18 03:06:03.000 UTC,0.9997344420301704,0.9997961282266884,-6.168619651802931e-05,262727.6665869768,50
9z81bsbkjnGGgXgG6xjb2pxqXnbjpPUXhYAHjCnVpump,2026-09-12 02:03:27.000 UTC,0.9995844545761284,0.9998052145221236,-0.00022075994599513038,212398.2787743599,50
2DU2GNLBhXg2GqkgCnDf6uFWREp9dFeUhU1SRmT2pump,2026-09-22 03:54:37.000 UTC,0.9998186361765496,0.9998186361765496,0.0,207097.38561631416,50
3AKNTYP2u9RT2UEtQKMWhmfkmDWpSxBuBmTvgqFMpump,2026-09-21 03:46:38.000 UTC,0.999852270957887,0.999852270957887,0.0,176170.5975348555,50
56ofoyzfMaGwzgeeTsTchJuVM8Trx5GHhW9pxh9Jpump,2026-09-21 19:19:59.000 UTC,0.9998458854854944,0.9998458854854945,-1.1102230246251565e-16,185761.23006433147,50
DBurMPbqciQtEnQ5PmeKkRpUowdEEnGEeEX9ncwjpump,2026-09-21 01:50:43.000 UTC,0.99984894565467,0.9998489456546699,1.1102230246251565e-16,176502.39866025746,50
BnN24222pbFtJjDvqQVaEznLnvr4uayVVKgKFEyEpump,2026-09-21 14:28:30.000 UTC,0.9998458854854944,0.9998458854854945,-1.1102230246251565e-16,186946.23408362424,50
6mCCo1Abfz2riT4UcgaVq4Hs5ZGxYjgxjhizDfnfpump,2026-09-22 00:22:37.000 UTC,0.9998458854854944,0.9998458854854945,-1.1102230246251565e-16,176058.99403110557,50
EDphWPR9Hmn25JErenH2W9tUcLqsqDDz69JSKNHpump,2026-09-10 09:45:48.000 UTC,0.9994710766182362,0.9998006160184052,-0.00032953940016899885,78532.1332008826,50
QdBJf7R8MMZDz3LMif6WyvH9yd2Vpcnc8WHjrAGpump,2026-09-09 04:54:49.000 UTC,0.9987834261817976,0.9994919110174058,-0.0007084848356081475,102042.217855459,50
xqSF64kJ7rv5HPpcG2oTNhHATDpsnE7X9rFwDJZpump,2026-09-09 21:16:56.000 UTC,0.999453592060533,0.9998052145221236,-0.00035162246159059496,110110.39928123924,50
G2wZS9Pzr2fLwae2DoBpE3zJ7WeTHAKKgPVzQgApump,2026-09-17 13:33:45.000 UTC,0.9997881034218276,0.9998052145221236,-1.711110029600782e-05,63677.77671251064,50
BZofTtkyrBM2EDdRBN6GCavdWvxd61xbLTVFnoPgpump,2026-09-22 15:29:59.000 UTC,0.9998178426097192,0.9998178426097191,1.1102230246251565e-16,28770.20548812558,50
68Vh19KE3w7wdmxChep6BkvYinWNXfEbDcxht1qFpump,2026-09-21 17:46:56.000 UTC,0.9997930170070598,0.9997930170070598,0.0,29490.619635606927,50
KtMCGkg9cWmNFTbZs3RpbqcB1FmLQzhdEDmC5ropump,2026-09-20 19:28:17.000 UTC,0.9998041279247704,0.9998041279247704,0.0,34214.04768533698,50
3f6zsVutmbUazFqPjKHJEFuHWqf9rmXvfeukM7GLpump,2026-09-16 20:13:12.000 UTC,0.9997533562016566,0.9997930170070598,-3.9660805403185506e-05,29246.11770634279,50
CaMP5yEZZgVjfJ1He45oxpDa1cmMntSYctZwtVnLpump,2026-09-21 17:52:26.000 UTC,0.999783772260418,0.9997837722604179,1.1102230246251565e-16,35962.607759936975,50
wXcbD8Sr23SoN1J8zE7i6Js4EaoCDAFWkUhdoe8pump,2026-09-22 03:16:47.000 UTC,0.9994584591362125,0.9994584591362125,0.0,23755.8874260422,50
6A47VfnacW6bYXoPfirHhx9vnR6jiaQAEE1GD5mvpump,2026-09-16 13:35:33.000 UTC,0.9997622307276544,0.9998022419380136,-4.001121035923649e-05,29330.76047161584,50
69xneXbByUnx7WtEC7tqHHo1NJoXJqM9dNFYYu8pump,2026-09-22 16:55:10.000 UTC,0.9994911956626782,0.9994911956626782,0.0,24879.92336275765,50
Bgn474txLGfdncEXeHm6XZMzjdS4ZTGMxpKVyrbZpump,2026-09-17 22:24:42.000 UTC,0.9997587708712212,0.9997930170070598,-3.424613583857816e-05,27722.558174976,50
SzNXgwqiWC5ZJLbh5UWqhxec9tMisZy47xtrH3Bpump,2026-09-21 03:05:38.000 UTC,0.9987440677737932,0.9987440677737932,0.0,22780.02465132966,50
EH2j3pjSnJ1QHTBpnMMjmwECoNZ8Y2GTYfLc2XqXpump,2026-09-16 14:53:10.000 UTC,0.4966681232926057,0.5528443780646289,-0.05617625477202326,7026.2433645992405,50
7ZtE2QFw7th8ktXM5HCYbqxDTpttDEWvdjHbFEP7pump,2026-09-11 05:59:39.000 UTC,0.9992602436000106,0.9907483040621706,0.008511939537840019,24446.38578610837,50
Dv23QJNxDgJvmeqzD8P2bHNLoGgTCmv6Y8dK5FJ2pump,2026-09-19 15:59:31.000 UTC,0.9931466141615014,0.9884966400886724,0.004649974072828966,23949.7342116692,50
2hCEWYZcFZNWV59a6Coyo3czTa9MMpdjxnVhXagjpump,2026-09-22 01:41:06.000 UTC,0.9953618205983026,0.9953618205983026,0.0,25228.5410196028,50
9gaKHkAVk29uFTUdx8cTM65iqYGJkHvao3F2R4yqpump,2026-09-16 19:05:35.000 UTC,0.9904685926633524,0.9854367563324584,0.005031836330893991,22146.07655732425,50
aVBHrxhGJc1oFc1SHU6mqbxkwV4XNn8yE1MdMBtpump,2026-09-18 10:56:03.000 UTC,0.5272081314546652,0.48696522906728446,0.04024290238738071,7802.190921583161,50
AUX1kCkpxRhjqsBpsZSt8enqniw5bMQMBNxR9zNopump,2026-09-09 18:14:43.000 UTC,0.9907785662694516,0.9884922241372329,0.002286342132218677,22210.4195202968,50
2qKRzfV9DMqAS5P7P9yy9VchKyBmCFta8rKCd2MSpump,2026-09-08 18:50:46.000 UTC,0.5981090389615582,0.619533403653043,-0.021424364691484787,10088.04466019428,50
5stDzPYYZ35enkbxD31xNA6QWZV9ABQgUYAxcG4Ppump,2026-09-10 05:21:40.000 UTC,0.588974488996905,0.6954800068749384,-0.10650551787803342,9278.18588229624,50
4BbBD7vLoQ62Tz22tQVHiwciZEVbGbHCiRrwYah1pump,2026-09-12 06:38:39.000 UTC,0.4940356846604702,0.5157222013004142,-0.02168651663994403,8654.39560640765,50
C75TUoqcGUEt6apPjc5nRg1uzPkmRyRQEEMSLeJMpump,2026-09-19 23:45:48.000 UTC,0.452763699111412,0.4677927743852893,-0.015029075273877313,4100.20663361562,50
CyFtApDbWYjhkYFwjhKo1W9WWFu8HkXP2B7GpSt5pump,2026-09-08 19:12:42.000 UTC,0.4256837858599545,0.31880990400045234,0.10687388185950214,4072.77805820472,50
YPkkcCU2LVirCCWWjwvGSqZjvXe2iRfQVpB866ipump,2026-09-09 19:08:01.000 UTC,0.0600199290448573,0.19243513666986725,-0.13241520762500997,7032.7972781972485,50
BUW1JxETyXjC8bpYAuHT4A4G3WAKxw8MfadWBtThpump,2026-09-08 23:05:50.000 UTC,0.5114409701744489,0.36690064845543613,0.14454032171901277,6174.222222050999,50
E3ZguEfHsEocf44HRKLCCNwDLdzJsTCvy18QHPiUpump,2026-09-10 07:16:16.000 UTC,0.4874568634698639,0.34692321981513585,0.14053364365472804,699.7244838204,50
AeY7aZVQn4FTnKf3KsVQoLG1tg4Pm7NEH2pnK4mypump,2026-09-15 23:48:12.000 UTC,0.1238469906459617,0.10840675605156669,0.015440234594395016,18.74670504474,50
GS2nLrdh4nPK2UJagXpZMBjGHU56A3xzSAVePLm7pump,2026-09-12 20:53:51.000 UTC,0.4794122391515165,0.38159932736293667,0.09781291178857981,4168.08871654248,50
HEcU27LnnWC6iSJwC5Fc4ftMn6HnXUzod1crKs8gpump,2026-09-17 14:00:18.000 UTC,0.0634492710993531,0.04082609605342161,0.02262317504593149,16.188823993430002,50
62Vt5vnj9CDfZeZLdkFDeoetXC5HA5LMh8d924aYpump,2026-09-10 08:21:45.000 UTC,0.1480815631600005,0.22071974261065466,-0.07263817945065415,22.098697394550005,50
cA1As5nhjzA3K6rcUxfSKp4XLj7Qaq7MF9zHbv9pump,2026-09-17 17:41:42.000 UTC,0.082321915488185,0.13149901504868547,-0.04917709956050047,2549.9345880446103,50
3QUNShMdjD2EgKNfDiU99171t5THkdtBLtMzqwbhpump,2026-09-17 03:30:59.000 UTC,0.1344510610144557,0.15190423815191115,-0.01745317713745545,2158.09597093388,50
5ZDtSJMPG7qkfYjYUmirAU3N2TPwhDAPr4F9dcA6pump,2026-09-22 08:26:08.000 UTC,0.085053943637252,0.08505394363725204,-4.163336342344337e-17,44.43754492145999,50
FfjndEpmp5W63mY4V8vh1jiMA5FBhrcd1tNfgsmLpump,2026-09-21 23:20:41.000 UTC,0.1103410490845565,0.11034104908455657,-6.938893903907228e-17,30.48931650112,50
85nwGzjZ8JC4No5DWrcL5VRCK1k25N8yBPtDX66opump,2026-09-11 19:01:31.000 UTC,0.0882869342577028,0.047220823785617205,0.041066110472085596,365.96505221872,50
EF8PMfvfoorKkWxkzscmiG2sCVyXxErowcUnRQaapump,2026-09-14 20:58:52.000 UTC,0.063938670390729,0.06586043845686451,-0.001921768066135518,3335.5127023075,50
