mint,t0_ts,band,y,score
wbf55KygjChmSMkTeVTmQ3j7vuGqVdKQbdRfg6epump,2026-09-22 06:42:20.000 UTC,high_ge0.99,1,0.99985275449228
3AKNTYP2u9RT2UEtQKMWhmfkmDWpSxBuBmTvgqFMpump,2026-09-21 03:46:38.000 UTC,high_ge0.99,1,0.999852270957887
DBurMPbqciQtEnQ5PmeKkRpUowdEEnGEeEX9ncwjpump,2026-09-21 01:50:43.000 UTC,high_ge0.99,1,0.99984894565467
BnN24222pbFtJjDvqQVaEznLnvr4uayVVKgKFEyEpump,2026-09-21 14:28:30.000 UTC,high_ge0.99,1,0.9998458854854944
56ofoyzfMaGwzgeeTsTchJuVM8Trx5GHhW9pxh9Jpump,2026-09-21 19:19:59.000 UTC,high_ge0.99,1,0.9998458854854944
6mCCo1Abfz2riT4UcgaVq4Hs5ZGxYjgxjhizDfnfpump,2026-09-22 00:22:37.000 UTC,high_ge0.99,1,0.9998458854854944
4M3gYZ2dQ39KuBuJYVmQi5qrtFfMpMWHpJhhx7Wapump,2026-09-22 07:03:04.000 UTC,high_ge0.99,1,0.9998456806403022
XrwLuWhFVCdcksfzZRuBq3As2RXZGyhgGkqB8sbpump,2026-09-21 02:16:34.000 UTC,high_ge0.99,1,0.9998336135332953
CSPnXf9HUVmx6fFV75s8WS3dzicZTFiVLGLdfn8pump,2026-09-21 04:05:15.000 UTC,high_ge0.99,1,0.9998336135332953
4X9d1Mc1cXJUFXtADbAuMkQniK9411dvAP1ovCFopump,2026-09-22 06:05:17.000 UTC,high_ge0.99,1,0.9998258517557967
G4G4cN8BLGaDe7yS7KSwegFDPACaBbM2d1ZFXYhMpump,2026-09-22 05:50:37.000 UTC,high_ge0.99,1,0.9998258517557967
2ahcm3vhbPTi7WzECWW7Jb7uP4mEyVRCHsRTzvaDpump,2026-09-22 06:21:58.000 UTC,high_ge0.99,1,0.9998258517557967
MVRZ11AUdwYsD2W7Lr3xUR3CgKaBf2dKtKUebcnpump,2026-09-21 16:43:51.000 UTC,high_ge0.99,1,0.9998258517557967
2DU2GNLBhXg2GqkgCnDf6uFWREp9dFeUhU1SRmT2pump,2026-09-22 03:54:37.000 UTC,high_ge0.99,1,0.9998186361765496
BZofTtkyrBM2EDdRBN6GCavdWvxd61xbLTVFnoPgpump,2026-09-22 15:29:59.000 UTC,high_ge0.99,1,0.9998178426097192
XhaL1oj4NpSTfG9H4twcYE5gz86YXSKgGGnw6vipump,2026-09-21 06:06:07.000 UTC,high_ge0.99,1,0.9998052145221236
CaMP5yEZZgVjfJ1He45oxpDa1cmMntSYctZwtVnLpump,2026-09-21 17:52:26.000 UTC,high_ge0.99,1,0.999783772260418
G2wZS9Pzr2fLwae2DoBpE3zJ7WeTHAKKgPVzQgApump,2026-09-17 13:33:45.000 UTC,high_ge0.99,1,0.9997881034218276
tRLRzPFshvQ8HgGEAX7mzGpwQAfznC86DunHNmLpump,2026-09-10 12:16:47.000 UTC,high_ge0.99,1,0.9994710766182362
eLRG3yxPgXkLgxWr52ZeJRYHn2FhP95UwSKkeFbpump,2026-09-10 01:12:32.000 UTC,high_ge0.99,1,0.9994710766182362
po8Qbe4bsWoYuDbAqfUFsPfiks3v3hmcmDL4keZpump,2026-09-18 03:06:03.000 UTC,high_ge0.99,1,0.9997344420301704
68Vh19KE3w7wdmxChep6BkvYinWNXfEbDcxht1qFpump,2026-09-21 17:46:56.000 UTC,high_ge0.99,1,0.9997930170070598
SzNXgwqiWC5ZJLbh5UWqhxec9tMisZy47xtrH3Bpump,2026-09-21 03:05:38.000 UTC,high_ge0.99,1,0.9987440677737932
3f6zsVutmbUazFqPjKHJEFuHWqf9rmXvfeukM7GLpump,2026-09-16 20:13:12.000 UTC,high_ge0.99,1,0.9997533562016566
wXcbD8Sr23SoN1J8zE7i6Js4EaoCDAFWkUhdoe8pump,2026-09-22 03:16:47.000 UTC,high_ge0.99,1,0.9994584591362125
KtMCGkg9cWmNFTbZs3RpbqcB1FmLQzhdEDmC5ropump,2026-09-20 19:28:17.000 UTC,high_ge0.99,1,0.9998041279247704
9z81bsbkjnGGgXgG6xjb2pxqXnbjpPUXhYAHjCnVpump,2026-09-12 02:03:27.000 UTC,high_ge0.99,1,0.9995844545761284
xqSF64kJ7rv5HPpcG2oTNhHATDpsnE7X9rFwDJZpump,2026-09-09 21:16:56.000 UTC,high_ge0.99,1,0.999453592060533
6A47VfnacW6bYXoPfirHhx9vnR6jiaQAEE1GD5mvpump,2026-09-16 13:35:33.000 UTC,high_ge0.99,1,0.9997622307276544
25vDtFACaScGXszJ4AnqJq7LogwtrjHPRo75WmyEpump,2026-09-18 23:44:42.000 UTC,high_ge0.99,1,0.9995855564826572
Dv23QJNxDgJvmeqzD8P2bHNLoGgTCmv6Y8dK5FJ2pump,2026-09-19 15:59:31.000 UTC,high_ge0.99,0,0.9931466141615014
7ZtE2QFw7th8ktXM5HCYbqxDTpttDEWvdjHbFEP7pump,2026-09-11 05:59:39.000 UTC,high_ge0.99,0,0.9992602436000106
AUX1kCkpxRhjqsBpsZSt8enqniw5bMQMBNxR9zNopump,2026-09-09 18:14:43.000 UTC,high_ge0.99,0,0.9907785662694516
9gaKHkAVk29uFTUdx8cTM65iqYGJkHvao3F2R4yqpump,2026-09-16 19:05:35.000 UTC,high_ge0.99,0,0.9904685926633524
2hCEWYZcFZNWV59a6Coyo3czTa9MMpdjxnVhXagjpump,2026-09-22 01:41:06.000 UTC,high_ge0.99,0,0.9953618205983026
Fs8hZK6ipzH3ue4jdxMB1KJjeutue4irNSf2bNTbpump,2026-09-11 01:45:09.000 UTC,high_ge0.99,1,0.9986211988786068
69xneXbByUnx7WtEC7tqHHo1NJoXJqM9dNFYYu8pump,2026-09-22 16:55:10.000 UTC,high_ge0.99,1,0.9994911956626782
EDphWPR9Hmn25JErenH2W9tUcLqsqDDz69JSKNHpump,2026-09-10 09:45:48.000 UTC,high_ge0.99,1,0.9994710766182362
Bgn474txLGfdncEXeHm6XZMzjdS4ZTGMxpKVyrbZpump,2026-09-17 22:24:42.000 UTC,high_ge0.99,1,0.9997587708712212
QdBJf7R8MMZDz3LMif6WyvH9yd2Vpcnc8WHjrAGpump,2026-09-09 04:54:49.000 UTC,high_ge0.99,1,0.9987834261817976
4BbBD7vLoQ62Tz22tQVHiwciZEVbGbHCiRrwYah1pump,2026-09-12 06:38:39.000 UTC,mid_~0.5,0,0.4940356846604702
EH2j3pjSnJ1QHTBpnMMjmwECoNZ8Y2GTYfLc2XqXpump,2026-09-16 14:53:10.000 UTC,mid_~0.5,1,0.4966681232926057
aVBHrxhGJc1oFc1SHU6mqbxkwV4XNn8yE1MdMBtpump,2026-09-18 10:56:03.000 UTC,mid_~0.5,1,0.5272081314546652
CyFtApDbWYjhkYFwjhKo1W9WWFu8HkXP2B7GpSt5pump,2026-09-08 19:12:42.000 UTC,mid_~0.5,0,0.4256837858599545
2qKRzfV9DMqAS5P7P9yy9VchKyBmCFta8rKCd2MSpump,2026-09-08 18:50:46.000 UTC,mid_~0.5,0,0.5981090389615582
E3ZguEfHsEocf44HRKLCCNwDLdzJsTCvy18QHPiUpump,2026-09-10 07:16:16.000 UTC,mid_~0.5,0,0.4874568634698639
5stDzPYYZ35enkbxD31xNA6QWZV9ABQgUYAxcG4Ppump,2026-09-10 05:21:40.000 UTC,mid_~0.5,0,0.588974488996905
GS2nLrdh4nPK2UJagXpZMBjGHU56A3xzSAVePLm7pump,2026-09-12 20:53:51.000 UTC,mid_~0.5,0,0.4794122391515165
C75TUoqcGUEt6apPjc5nRg1uzPkmRyRQEEMSLeJMpump,2026-09-19 23:45:48.000 UTC,mid_~0.5,0,0.452763699111412
BUW1JxETyXjC8bpYAuHT4A4G3WAKxw8MfadWBtThpump,2026-09-08 23:05:50.000 UTC,mid_~0.5,0,0.5114409701744489
85nwGzjZ8JC4No5DWrcL5VRCK1k25N8yBPtDX66opump,2026-09-11 19:01:31.000 UTC,low_~0.1,0,0.0882869342577028
cA1As5nhjzA3K6rcUxfSKp4XLj7Qaq7MF9zHbv9pump,2026-09-17 17:41:42.000 UTC,low_~0.1,0,0.082321915488185
FfjndEpmp5W63mY4V8vh1jiMA5FBhrcd1tNfgsmLpump,2026-09-21 23:20:41.000 UTC,low_~0.1,0,0.1103410490845565
HEcU27LnnWC6iSJwC5Fc4ftMn6HnXUzod1crKs8gpump,2026-09-17 14:00:18.000 UTC,low_~0.1,0,0.0634492710993531
YPkkcCU2LVirCCWWjwvGSqZjvXe2iRfQVpB866ipump,2026-09-09 19:08:01.000 UTC,low_~0.1,0,0.0600199290448573
AeY7aZVQn4FTnKf3KsVQoLG1tg4Pm7NEH2pnK4mypump,2026-09-15 23:48:12.000 UTC,low_~0.1,0,0.1238469906459617
EF8PMfvfoorKkWxkzscmiG2sCVyXxErowcUnRQaapump,2026-09-14 20:58:52.000 UTC,low_~0.1,0,0.063938670390729
3QUNShMdjD2EgKNfDiU99171t5THkdtBLtMzqwbhpump,2026-09-17 03:30:59.000 UTC,low_~0.1,0,0.1344510610144557
5ZDtSJMPG7qkfYjYUmirAU3N2TPwhDAPr4F9dcA6pump,2026-09-22 08:26:08.000 UTC,low_~0.1,0,0.085053943637252
62Vt5vnj9CDfZeZLdkFDeoetXC5HA5LMh8d924aYpump,2026-09-10 08:21:45.000 UTC,low_~0.1,0,0.1480815631600005
