mint,tx_sig,ts,t0_ts,le_t0,source,side,sol_amt,parsed_as_trade,addr_source
BZofTtkyrBM2EDdRBN6GCavdWvxd61xbLTVFnoPgpump,5QnQ4Yon6HeGNUJii4d5i9J2tDDGqQgXsPJ87fJYEXCL2fJ7pV588wH67hLUFU5iYj3SCUe4cvfyVMGq4NtgtJow,2026-09-22T15:29:59.000Z,2026-09-22T15:29:59.000Z,true,PUMP_AMM,,,False,bc
BZofTtkyrBM2EDdRBN6GCavdWvxd61xbLTVFnoPgpump,nidsyNEk3NpumPZc2WKYx3zx13hsM1rMk18XgvAtr55dgir3QYBnQdp1bQ5LKqam9Qpe8tsV6b7cvrB615cpQZA,2026-09-22T15:29:59.000Z,2026-09-22T15:29:59.000Z,true,PUMP_FUN,buy,85.006644297,True,bc
BZofTtkyrBM2EDdRBN6GCavdWvxd61xbLTVFnoPgpump,2S2G7SDcBg27j8jkGzThYXMN6zz7ArB2N9LgkyQyLBXE5kER1JphUVWP8KZY4vyDUdnGws8tUqM3fhsH8rKVB9xc,2026-09-22T15:29:59.000Z,2026-09-22T15:29:59.000Z,true,PUMP_AMM,,,False,rpc_mint
BZofTtkyrBM2EDdRBN6GCavdWvxd61xbLTVFnoPgpump,4o5464RxAvmw55PVcChGJBJmpeCvN3EonyduBxUWuuadQLfddK8zUhF8HoDmZ29hqtB82ukgLy8FkGqYSpenTpcy,2026-09-22T15:29:59.000Z,2026-09-22T15:29:59.000Z,true,ASSOCIATED_TOKEN_PROGRAM,,,False,rpc_mint
BZofTtkyrBM2EDdRBN6GCavdWvxd61xbLTVFnoPgpump,5ZbJJK6k93rKruEkKyPJZwJi9JWE9JsJza2nSWKG5cbpKZJKcNjBrz5LwGGxzibQUSdN75ntgX18dCCUSvJ6cuGj,2026-09-22T15:29:59.000Z,2026-09-22T15:29:59.000Z,true,ASSOCIATED_TOKEN_PROGRAM,,,False,rpc_mint
BZofTtkyrBM2EDdRBN6GCavdWvxd61xbLTVFnoPgpump,2yHPVADVYWaapi3cEGVaR2bjYXULUGzsjSjuBdq4zYDHfunrLm2wRbFzGN6XAfcWt1JdnhneyW9Cgd9h4WMfHyXx,2026-09-22T15:29:59.000Z,2026-09-22T15:29:59.000Z,true,ASSOCIATED_TOKEN_PROGRAM,,,False,rpc_mint
BZofTtkyrBM2EDdRBN6GCavdWvxd61xbLTVFnoPgpump,9hZmcG7ab1VDympQVS7bFPofmVrKASTpbyKs6ocz2Kq4D6fLxw4NvtHoqPaq4im3HGHRhP9EVHCoxRPcHX6mLJJ,2026-09-22T15:29:59.000Z,2026-09-22T15:29:59.000Z,true,ASSOCIATED_TOKEN_PROGRAM,,,False,rpc_mint
BZofTtkyrBM2EDdRBN6GCavdWvxd61xbLTVFnoPgpump,5B8Z3yt4nvGFU9cC3Uk7VQyC5BnDnTyG4Zf5XiJczLbs2kbq9HmLPwYBTTzPZNhNBBegxcyyc94yDqBCYG3iyPYR,2026-09-22T15:29:59.000Z,2026-09-22T15:29:59.000Z,true,PUMP_AMM,buy,0.019821957,True,rpc_mint
BZofTtkyrBM2EDdRBN6GCavdWvxd61xbLTVFnoPgpump,3S6ZfcXs9KBxNCToMRcY3zefFpLtCbcp88rCSdEoaM8ME8CM1oxwqQN84mgUunB8VQKJ17ZVQX5fnaxQziiBEKR4,2026-09-22T15:29:59.000Z,2026-09-22T15:29:59.000Z,true,PUMP_AMM,,,False,rpc_mint
BZofTtkyrBM2EDdRBN6GCavdWvxd61xbLTVFnoPgpump,GDX5zd71qSoJZyWMLHV1CkZjMxuoPMFSAeqB9MnbQQC9tQ1Zhgd6mQ9hH1BVLXENGRbWrPa2uAXn8hyu2fQ6cNX,2026-09-22T15:29:59.000Z,2026-09-22T15:29:59.000Z,true,SYSTEM_PROGRAM,,,False,rpc_mint
BZofTtkyrBM2EDdRBN6GCavdWvxd61xbLTVFnoPgpump,4SwoFhfeSCeHmLR9Z8zRAM116qf23WyYZVHgzQAD5fwDmdm5njiKvLLTeP4Gpbk1SkZ4KavZqFzcD9imBA9bJK34,2026-09-22T15:29:59.000Z,2026-09-22T15:29:59.000Z,true,ASSOCIATED_TOKEN_PROGRAM,,,False,rpc_mint
BZofTtkyrBM2EDdRBN6GCavdWvxd61xbLTVFnoPgpump,25sGv21LGLQmFwKKu1QXQCV4tyMzXJUTqFtLg31korzBRquzPsNL7VNV3oXSjWjQahNY5QqnoWn93xZChXPTUCsL,2026-09-22T15:29:59.000Z,2026-09-22T15:29:59.000Z,true,ASSOCIATED_TOKEN_PROGRAM,,,False,rpc_mint
BZofTtkyrBM2EDdRBN6GCavdWvxd61xbLTVFnoPgpump,2vygFii6379rc3rpgusGZmSp8ern6ZGYMv4zrAgGKFV6wsB2B3cxSqhbHTcjqS7YZmLqEe7U2vuteFWnbkooUjaN,2026-09-22T15:29:59.000Z,2026-09-22T15:29:59.000Z,true,PUMP_AMM,,,False,rpc_mint
BZofTtkyrBM2EDdRBN6GCavdWvxd61xbLTVFnoPgpump,531cxHbK7X7SiqMdPa25tBaAK9qbbFocvEw4Q6peiwrqoKHDH2Qp5D1Sd7jEkdeTF7dZs9AKJcUFKGP5anQ55fjh,2026-09-22T15:29:59.000Z,2026-09-22T15:29:59.000Z,true,PUMP_AMM,buy,158.418972331,True,rpc_mint
4M3gYZ2dQ39KuBuJYVmQi5qrtFfMpMWHpJhhx7Wapump,21k3GFFDL17tYhVtBsL77QdZoYWCRLBKkP5qUnVLvxZcxgu4vPuVjrQvRk45ogN7Jxe9eRPQ2EnLkNGRd6a8jgMj,2026-09-22T07:03:04.000Z,2026-09-22T07:03:04.000Z,true,PUMP_AMM,,,False,bc
4M3gYZ2dQ39KuBuJYVmQi5qrtFfMpMWHpJhhx7Wapump,uVaEUtPv3Caesb5nJoFA46AtR4mFh7BiHXsUC8XjmrjSsYENX1WgEjjLptdMMrTWjyMuFEq8bRRdZdxEMeiYtXF,2026-09-22T07:03:04.000Z,2026-09-22T07:03:04.000Z,true,PUMP_FUN,buy,85.006644297,True,bc
4M3gYZ2dQ39KuBuJYVmQi5qrtFfMpMWHpJhhx7Wapump,5AsHATBrknTujzKBmtS3Ltc8x3C9CxMJWmTvS9GybWXUhtMBrgJxNvEVW4oC7nkGvd8CcYkHsue14zGbXgJGh4mG,2026-09-22T07:03:04.000Z,2026-09-22T07:03:04.000Z,true,PUMP_FUN,,,False,rpc_bc
4M3gYZ2dQ39KuBuJYVmQi5qrtFfMpMWHpJhhx7Wapump,66Mg6L2a9wwdhfMbBWeTqQvjsP589o7AWSXNcT2iCxuexZehe4tkdui22acEETs6tPkHubAcZaXSY8DBL9xSKGtR,2026-09-22T07:03:04.000Z,2026-09-22T07:03:04.000Z,true,PUMP_AMM,buy,2859.462450592,True,rpc_slot
4M3gYZ2dQ39KuBuJYVmQi5qrtFfMpMWHpJhhx7Wapump,4GGVKuGm6thJELfo9vJJbCRCvAE1VdrKdtAxwEqbVVGRcCQKD8Poejs89oC8LcxsMnp7uemWqVPTSMyJckQTuABd,2026-09-22T07:03:04.000Z,2026-09-22T07:03:04.000Z,true,PUMP_AMM,,,False,rpc_slot
