mint,feature,train,live,abs_delta,rel_delta,score_delta_oos_live,live_source,note
69xneXbByUnx7WtEC7tqHHo1NJoXJqM9dNFYYu8pump,buy_vol_usd_60s,24879.92336275765,24903.29516118089,23.371798423235305,0.0009393838591247,8.813318518097191e-05,n200_ckpt,
69xneXbByUnx7WtEC7tqHHo1NJoXJqM9dNFYYu8pump,buy_vol_first_10s,24879.92336275765,24903.29516118088,23.371798423231667,0.0009393838591246,8.813318518097191e-05,n200_ckpt,
69xneXbByUnx7WtEC7tqHHo1NJoXJqM9dNFYYu8pump,buy_vol_first_5s,24879.92336275765,24903.29516118088,23.371798423231667,0.0009393838591246,8.813318518097191e-05,n200_ckpt,
69xneXbByUnx7WtEC7tqHHo1NJoXJqM9dNFYYu8pump,buy_vol_usd_15m,24879.92336275765,24903.29516118089,23.371798423235305,0.0009393838591247,8.813318518097191e-05,n200_ckpt,
69xneXbByUnx7WtEC7tqHHo1NJoXJqM9dNFYYu8pump,buy_vol_usd_30s,24879.92336275765,24903.29516118089,23.371798423235305,0.0009393838591247,8.813318518097191e-05,n200_ckpt,
69xneXbByUnx7WtEC7tqHHo1NJoXJqM9dNFYYu8pump,buy_vol_usd_total,24879.92336275765,24903.29516118089,23.371798423235305,0.0009393838591247,8.813318518097191e-05,n200_ckpt,
69xneXbByUnx7WtEC7tqHHo1NJoXJqM9dNFYYu8pump,first10_buy_vol_usd,24879.92336275765,24903.29516118089,23.371798423235305,0.0009393838591247,8.813318518097191e-05,n200_ckpt,
69xneXbByUnx7WtEC7tqHHo1NJoXJqM9dNFYYu8pump,first5_buy_vol_usd,24879.92336275765,24903.29516118089,23.371798423235305,0.0009393838591247,8.813318518097191e-05,n200_ckpt,
69xneXbByUnx7WtEC7tqHHo1NJoXJqM9dNFYYu8pump,first_buy_usd,14771.44204631545,14785.228319255011,13.786272939561968,0.0009333058273075,8.813318518097191e-05,n200_ckpt,
69xneXbByUnx7WtEC7tqHHo1NJoXJqM9dNFYYu8pump,max_buy_share,0.5937093065337403,0.5937057013363493,3.605197391065573e-06,-6.072327570732952e-06,8.813318518097191e-05,n200_ckpt,
69xneXbByUnx7WtEC7tqHHo1NJoXJqM9dNFYYu8pump,max_buy_usd,14771.44204631545,14785.228319255011,13.786272939561968,0.0009333058273075,8.813318518097191e-05,n200_ckpt,
69xneXbByUnx7WtEC7tqHHo1NJoXJqM9dNFYYu8pump,net_sol_curve,85.005359057,85.00664429700001,0.0012852400000014,1.5119517337013964e-05,8.813318518097191e-05,n200_ckpt,
69xneXbByUnx7WtEC7tqHHo1NJoXJqM9dNFYYu8pump,net_sol_total,211.653963103,211.655248343,0.0012852399999871,6.072364444041826e-06,8.813318518097191e-05,n200_ckpt,
69xneXbByUnx7WtEC7tqHHo1NJoXJqM9dNFYYu8pump,progress_curve_proxy,1.000063047729412,1.0000781682000002,1.5120470588270152e-05,1.5119517337032248e-05,8.813318518097191e-05,n200_ckpt,
69xneXbByUnx7WtEC7tqHHo1NJoXJqM9dNFYYu8pump,top1_buyer_vol_share,0.5983757742554874,0.5983721407217758,3.633533711577819e-06,-6.072327570578443e-06,8.813318518097191e-05,n200_ckpt,
69xneXbByUnx7WtEC7tqHHo1NJoXJqM9dNFYYu8pump,name_len,11.0,0.0,11.0,-1.0,8.813318518097191e-05,n200_ckpt,
69xneXbByUnx7WtEC7tqHHo1NJoXJqM9dNFYYu8pump,name_missing,0.0,1.0,1.0,,8.813318518097191e-05,n200_ckpt,
69xneXbByUnx7WtEC7tqHHo1NJoXJqM9dNFYYu8pump,symbol_len,4.0,0.0,4.0,-1.0,8.813318518097191e-05,n200_ckpt,
69xneXbByUnx7WtEC7tqHHo1NJoXJqM9dNFYYu8pump,symbol_missing,0.0,1.0,1.0,,8.813318518097191e-05,n200_ckpt,
BZofTtkyrBM2EDdRBN6GCavdWvxd61xbLTVFnoPgpump,buy_vol_usd_60s,28770.20548812558,28688.92826836499,81.2772197605882,-0.002825048288033,2.194887272266577e-05,n200_ckpt,
BZofTtkyrBM2EDdRBN6GCavdWvxd61xbLTVFnoPgpump,buy_vol_first_10s,28770.205488125583,28688.928268364987,81.27721976059547,-0.0028250482880333,2.194887272266577e-05,n200_ckpt,
BZofTtkyrBM2EDdRBN6GCavdWvxd61xbLTVFnoPgpump,buy_vol_first_5s,28770.205488125583,28688.928268364987,81.27721976059547,-0.0028250482880333,2.194887272266577e-05,n200_ckpt,
BZofTtkyrBM2EDdRBN6GCavdWvxd61xbLTVFnoPgpump,buy_vol_usd_15m,28770.20548812558,28688.92826836499,81.2772197605882,-0.002825048288033,2.194887272266577e-05,n200_ckpt,
BZofTtkyrBM2EDdRBN6GCavdWvxd61xbLTVFnoPgpump,buy_vol_usd_30s,28770.20548812558,28688.92826836499,81.2772197605882,-0.002825048288033,2.194887272266577e-05,n200_ckpt,
BZofTtkyrBM2EDdRBN6GCavdWvxd61xbLTVFnoPgpump,buy_vol_usd_total,28770.20548812558,28688.92826836499,81.2772197605882,-0.002825048288033,2.194887272266577e-05,n200_ckpt,
BZofTtkyrBM2EDdRBN6GCavdWvxd61xbLTVFnoPgpump,first10_buy_vol_usd,28770.205488125583,28688.928268364987,81.27721976059547,-0.0028250482880333,2.194887272266577e-05,n200_ckpt,
BZofTtkyrBM2EDdRBN6GCavdWvxd61xbLTVFnoPgpump,first5_buy_vol_usd,28770.205488125583,28688.928268364987,81.27721976059547,-0.0028250482880333,2.194887272266577e-05,n200_ckpt,
BZofTtkyrBM2EDdRBN6GCavdWvxd61xbLTVFnoPgpump,first_buy_usd,18710.4,18593.500604788285,116.89939521171618,-0.006247829827888,2.194887272266577e-05,n200_ckpt,
BZofTtkyrBM2EDdRBN6GCavdWvxd61xbLTVFnoPgpump,max_buy_share,0.6503394634328352,0.6481071872347062,0.002232276198129,-0.0034324784572443,2.194887272266577e-05,n200_ckpt,
BZofTtkyrBM2EDdRBN6GCavdWvxd61xbLTVFnoPgpump,max_buy_sol,160.0,158.418972331,1.581027669000008,-0.00988142293125,2.194887272266577e-05,n200_ckpt,
BZofTtkyrBM2EDdRBN6GCavdWvxd61xbLTVFnoPgpump,max_buy_usd,18710.4,18593.500604788285,116.89939521171618,-0.006247829827888,2.194887272266577e-05,n200_ckpt,
BZofTtkyrBM2EDdRBN6GCavdWvxd61xbLTVFnoPgpump,net_sol_curve,85.005359057,85.00664429700001,0.0012852400000014,1.5119517337013964e-05,2.194887272266577e-05,n200_ckpt,
BZofTtkyrBM2EDdRBN6GCavdWvxd61xbLTVFnoPgpump,net_sol_total,246.025359057,244.433290436,1.59206862100001,-0.0064711565795587,2.194887272266577e-05,n200_ckpt,
BZofTtkyrBM2EDdRBN6GCavdWvxd61xbLTVFnoPgpump,progress_curve_proxy,1.000063047729412,1.0000781682000002,1.5120470588270152e-05,1.5119517337032248e-05,2.194887272266577e-05,n200_ckpt,
BZofTtkyrBM2EDdRBN6GCavdWvxd61xbLTVFnoPgpump,top1_buyer_vol_share,0.6503394634328352,0.6481071872347063,0.0022322761981289,-0.0034324784572441,2.194887272266577e-05,n200_ckpt,
BZofTtkyrBM2EDdRBN6GCavdWvxd61xbLTVFnoPgpump,name_len,9.0,0.0,9.0,-1.0,2.194887272266577e-05,n200_ckpt,
BZofTtkyrBM2EDdRBN6GCavdWvxd61xbLTVFnoPgpump,name_missing,0.0,1.0,1.0,,2.194887272266577e-05,n200_ckpt,
BZofTtkyrBM2EDdRBN6GCavdWvxd61xbLTVFnoPgpump,symbol_len,9.0,0.0,9.0,-1.0,2.194887272266577e-05,n200_ckpt,
BZofTtkyrBM2EDdRBN6GCavdWvxd61xbLTVFnoPgpump,symbol_missing,0.0,1.0,1.0,,2.194887272266577e-05,n200_ckpt,
wbf55KygjChmSMkTeVTmQ3j7vuGqVdKQbdRfg6epump,buy_vol_usd_60s,358828.6455627236,355242.80473982287,3585.840822900762,-0.0099931843994153,6.869006785481524e-06,n200_ckpt,
wbf55KygjChmSMkTeVTmQ3j7vuGqVdKQbdRfg6epump,buy_vol_first_10s,358828.6455627236,355242.8047398229,3585.840822900704,-0.0099931843994152,6.869006785481524e-06,n200_ckpt,
wbf55KygjChmSMkTeVTmQ3j7vuGqVdKQbdRfg6epump,buy_vol_first_5s,358828.6455627236,355242.8047398229,3585.840822900704,-0.0099931843994152,6.869006785481524e-06,n200_ckpt,
wbf55KygjChmSMkTeVTmQ3j7vuGqVdKQbdRfg6epump,buy_vol_usd_15m,358828.6455627236,355242.80473982287,3585.840822900762,-0.0099931843994153,6.869006785481524e-06,n200_ckpt,
wbf55KygjChmSMkTeVTmQ3j7vuGqVdKQbdRfg6epump,buy_vol_usd_30s,358828.6455627236,355242.80473982287,3585.840822900762,-0.0099931843994153,6.869006785481524e-06,n200_ckpt,
wbf55KygjChmSMkTeVTmQ3j7vuGqVdKQbdRfg6epump,buy_vol_usd_total,358828.6455627236,355242.80473982287,3585.840822900762,-0.0099931843994153,6.869006785481524e-06,n200_ckpt,
wbf55KygjChmSMkTeVTmQ3j7vuGqVdKQbdRfg6epump,first10_buy_vol_usd,358828.6455627236,355242.80473982287,3585.840822900762,-0.0099931843994153,6.869006785481524e-06,n200_ckpt,
wbf55KygjChmSMkTeVTmQ3j7vuGqVdKQbdRfg6epump,first5_buy_vol_usd,358828.6455627236,355242.80473982287,3585.840822900762,-0.0099931843994153,6.869006785481524e-06,n200_ckpt,
wbf55KygjChmSMkTeVTmQ3j7vuGqVdKQbdRfg6epump,first_buy_usd,348789.24,345208.5662680175,3580.673731982475,-0.0102660097312132,6.869006785481524e-06,n200_ckpt,
wbf55KygjChmSMkTeVTmQ3j7vuGqVdKQbdRfg6epump,max_buy_share,0.9720217276773444,0.9717538586625156,0.0002678690148286,-0.0002755792460202,6.869006785481524e-06,n200_ckpt,
wbf55KygjChmSMkTeVTmQ3j7vuGqVdKQbdRfg6epump,max_buy_sol,2988.0,2958.4743083,29.525691700000152,-0.0098814229250335,6.869006785481524e-06,n200_ckpt,
wbf55KygjChmSMkTeVTmQ3j7vuGqVdKQbdRfg6epump,max_buy_usd,348789.24,345208.5662680175,3580.673731982475,-0.0102660097312132,6.869006785481524e-06,n200_ckpt,
wbf55KygjChmSMkTeVTmQ3j7vuGqVdKQbdRfg6epump,net_sol_curve,85.005359057,85.00664429700001,0.0012852400000014,1.5119517337013964e-05,6.869006785481524e-06,n200_ckpt,
wbf55KygjChmSMkTeVTmQ3j7vuGqVdKQbdRfg6epump,net_sol_total,3074.005359057,3044.468804448,29.536554609000177,-0.0096084915798783,6.869006785481524e-06,n200_ckpt,
wbf55KygjChmSMkTeVTmQ3j7vuGqVdKQbdRfg6epump,progress_curve_proxy,1.000063047729412,1.0000781682000002,1.5120470588270152e-05,1.5119517337032248e-05,6.869006785481524e-06,n200_ckpt,
wbf55KygjChmSMkTeVTmQ3j7vuGqVdKQbdRfg6epump,top1_buyer_vol_share,0.9723470361538092,0.9720783329516124,0.0002687032021968,-0.0002763449593673,6.869006785481524e-06,n200_ckpt,
wbf55KygjChmSMkTeVTmQ3j7vuGqVdKQbdRfg6epump,name_len,27.0,0.0,27.0,-1.0,6.869006785481524e-06,n200_ckpt,
wbf55KygjChmSMkTeVTmQ3j7vuGqVdKQbdRfg6epump,name_missing,0.0,1.0,1.0,,6.869006785481524e-06,n200_ckpt,
wbf55KygjChmSMkTeVTmQ3j7vuGqVdKQbdRfg6epump,symbol_len,4.0,0.0,4.0,-1.0,6.869006785481524e-06,n200_ckpt,
wbf55KygjChmSMkTeVTmQ3j7vuGqVdKQbdRfg6epump,symbol_missing,0.0,1.0,1.0,,6.869006785481524e-06,n200_ckpt,
2ahcm3vhbPTi7WzECWW7Jb7uP4mEyVRCHsRTzvaDpump,buy_vol_usd_60s,417124.5240621877,413156.7789969008,3967.745065286872,-0.0095121356726926,2.9723529108349744e-05,n200_ckpt,
2ahcm3vhbPTi7WzECWW7Jb7uP4mEyVRCHsRTzvaDpump,buy_vol_first_10s,417124.5240621877,413156.7789969009,3967.7450652868138,-0.0095121356726924,2.9723529108349744e-05,n200_ckpt,
2ahcm3vhbPTi7WzECWW7Jb7uP4mEyVRCHsRTzvaDpump,buy_vol_first_5s,417124.5240621877,413156.7789969009,3967.7450652868138,-0.0095121356726924,2.9723529108349744e-05,n200_ckpt,
2ahcm3vhbPTi7WzECWW7Jb7uP4mEyVRCHsRTzvaDpump,buy_vol_usd_15m,417124.5240621877,413156.7789969008,3967.745065286872,-0.0095121356726926,2.9723529108349744e-05,n200_ckpt,
2ahcm3vhbPTi7WzECWW7Jb7uP4mEyVRCHsRTzvaDpump,buy_vol_usd_30s,417124.5240621877,413156.7789969008,3967.745065286872,-0.0095121356726926,2.9723529108349744e-05,n200_ckpt,
2ahcm3vhbPTi7WzECWW7Jb7uP4mEyVRCHsRTzvaDpump,buy_vol_usd_total,417124.5240621877,413156.7789969008,3967.745065286872,-0.0095121356726926,2.9723529108349744e-05,n200_ckpt,
2ahcm3vhbPTi7WzECWW7Jb7uP4mEyVRCHsRTzvaDpump,first10_buy_vol_usd,417124.5240621877,413156.7789969008,3967.745065286872,-0.0095121356726926,2.9723529108349744e-05,n200_ckpt,
2ahcm3vhbPTi7WzECWW7Jb7uP4mEyVRCHsRTzvaDpump,first5_buy_vol_usd,417124.5240621877,413156.7789969008,3967.745065286872,-0.0095121356726926,2.9723529108349744e-05,n200_ckpt,
2ahcm3vhbPTi7WzECWW7Jb7uP4mEyVRCHsRTzvaDpump,first_buy_usd,407109.2,403141.3542160746,3967.8457839254406,-0.0097463918376824,2.9723529108349744e-05,n200_ckpt,
2ahcm3vhbPTi7WzECWW7Jb7uP4mEyVRCHsRTzvaDpump,max_buy_share,0.9759896062579756,0.975758779015698,0.0002308272422775,-0.0002365058406334,2.9723529108349744e-05,n200_ckpt,
2ahcm3vhbPTi7WzECWW7Jb7uP4mEyVRCHsRTzvaDpump,max_buy_sol,3496.0,3461.454545453,34.54545454700019,-0.0098814229253433,2.9723529108349744e-05,n200_ckpt,
2ahcm3vhbPTi7WzECWW7Jb7uP4mEyVRCHsRTzvaDpump,max_buy_usd,407109.2,403141.3542160746,3967.8457839254406,-0.0097463918376824,2.9723529108349744e-05,n200_ckpt,
2ahcm3vhbPTi7WzECWW7Jb7uP4mEyVRCHsRTzvaDpump,net_sol_curve,85.005359057,85.00664429700001,0.0012852400000014,1.5119517337013964e-05,2.9723529108349744e-05,n200_ckpt,
2ahcm3vhbPTi7WzECWW7Jb7uP4mEyVRCHsRTzvaDpump,net_sol_total,3582.005359057,3547.449041601,34.556317456000215,-0.0096471987035489,2.9723529108349744e-05,n200_ckpt,
2ahcm3vhbPTi7WzECWW7Jb7uP4mEyVRCHsRTzvaDpump,progress_curve_proxy,1.000063047729412,1.0000781682000002,1.5120470588270152e-05,1.5119517337032248e-05,2.9723529108349744e-05,n200_ckpt,
2ahcm3vhbPTi7WzECWW7Jb7uP4mEyVRCHsRTzvaDpump,top1_buyer_vol_share,0.9762687794863102,0.9760372472443928,0.0002315322419172,-0.0002371603463946,2.9723529108349744e-05,n200_ckpt,
2ahcm3vhbPTi7WzECWW7Jb7uP4mEyVRCHsRTzvaDpump,name_len,4.0,0.0,4.0,-1.0,2.9723529108349744e-05,n200_ckpt,
2ahcm3vhbPTi7WzECWW7Jb7uP4mEyVRCHsRTzvaDpump,name_missing,0.0,1.0,1.0,,2.9723529108349744e-05,n200_ckpt,
2ahcm3vhbPTi7WzECWW7Jb7uP4mEyVRCHsRTzvaDpump,symbol_len,4.0,0.0,4.0,-1.0,2.9723529108349744e-05,n200_ckpt,
2ahcm3vhbPTi7WzECWW7Jb7uP4mEyVRCHsRTzvaDpump,symbol_missing,0.0,1.0,1.0,,2.9723529108349744e-05,n200_ckpt,
2hCEWYZcFZNWV59a6Coyo3czTa9MMpdjxnVhXagjpump,buy_vol_usd_60s,25228.5410196028,17638.784115112943,7589.756904489855,-0.3008401040152321,0.0020430405897104,ge10_dump,
2hCEWYZcFZNWV59a6Coyo3czTa9MMpdjxnVhXagjpump,buy_vol_first_10s,17610.973964359822,17638.784115112943,27.81015075312098,0.0015791375769109,0.0020430405897104,ge10_dump,
2hCEWYZcFZNWV59a6Coyo3czTa9MMpdjxnVhXagjpump,buy_vol_first_5s,17610.973964359822,17638.784115112943,27.81015075312098,0.0015791375769109,0.0020430405897104,ge10_dump,
2hCEWYZcFZNWV59a6Coyo3czTa9MMpdjxnVhXagjpump,buy_vol_usd_15m,17610.973964359822,17638.784115112943,27.81015075312098,0.0015791375769109,0.0020430405897104,ge10_dump,
2hCEWYZcFZNWV59a6Coyo3czTa9MMpdjxnVhXagjpump,buy_vol_usd_30s,17610.973964359822,17638.784115112943,27.81015075312098,0.0015791375769109,0.0020430405897104,ge10_dump,
2hCEWYZcFZNWV59a6Coyo3czTa9MMpdjxnVhXagjpump,buy_vol_usd_total,17610.973964359822,17638.784115112943,27.81015075312098,0.0015791375769109,0.0020430405897104,ge10_dump,
2hCEWYZcFZNWV59a6Coyo3czTa9MMpdjxnVhXagjpump,first10_buy_vol_usd,17610.973964359822,17638.784115112943,27.81015075312098,0.0015791375769109,0.0020430405897104,ge10_dump,
2hCEWYZcFZNWV59a6Coyo3czTa9MMpdjxnVhXagjpump,first5_buy_vol_share,0.9934059072950414,0.9933970781132924,8.82918174893721e-06,-8.887788651245602e-06,0.0020430405897104,ge10_dump,
2hCEWYZcFZNWV59a6Coyo3czTa9MMpdjxnVhXagjpump,first5_buy_vol_usd,17494.84556941422,17522.316601424354,27.471032010133055,0.0015702357532186,0.0020430405897104,ge10_dump,
2hCEWYZcFZNWV59a6Coyo3czTa9MMpdjxnVhXagjpump,first_buy_usd,7616.04384643776,7628.864215568446,12.820369130685322,0.0016833370958968,0.0020430405897104,ge10_dump,
2hCEWYZcFZNWV59a6Coyo3czTa9MMpdjxnVhXagjpump,max_buy_share,0.4324601161668125,0.4325051072557785,4.499108896599546e-05,0.0001040352330401,0.0020430405897104,ge10_dump,
2hCEWYZcFZNWV59a6Coyo3czTa9MMpdjxnVhXagjpump,max_buy_sol,64.773293472,64.786248131,0.0129546589999876,0.0002000000047178,0.0020430405897104,ge10_dump,
2hCEWYZcFZNWV59a6Coyo3czTa9MMpdjxnVhXagjpump,max_buy_usd,7616.04384643776,7628.864215568446,12.820369130685322,0.0016833370958968,0.0020430405897104,ge10_dump,
2hCEWYZcFZNWV59a6Coyo3czTa9MMpdjxnVhXagjpump,net_sol_curve,85.00535905699999,85.006776377,0.0014173200000016,1.66733017273797e-05,0.0020430405897104,ge10_dump,
2hCEWYZcFZNWV59a6Coyo3czTa9MMpdjxnVhXagjpump,net_sol_total,149.778652529,149.79302450799997,0.014371978999975,9.595478899900178e-05,0.0020430405897104,ge10_dump,
2hCEWYZcFZNWV59a6Coyo3czTa9MMpdjxnVhXagjpump,progress_curve_proxy,1.0000630477294117,1.000079722082353,1.667435294128161e-05,1.66733017274659e-05,0.0020430405897104,ge10_dump,
2hCEWYZcFZNWV59a6Coyo3czTa9MMpdjxnVhXagjpump,top1_buyer_vol_share,0.4324601161668125,0.4325051072557785,4.499108896599546e-05,0.0001040352330401,0.0020430405897104,ge10_dump,
2hCEWYZcFZNWV59a6Coyo3czTa9MMpdjxnVhXagjpump,top5_buyer_vol_share,0.9934059072950414,0.9933970781132924,8.82918174893721e-06,-8.887788651245602e-06,0.0020430405897104,ge10_dump,
2hCEWYZcFZNWV59a6Coyo3czTa9MMpdjxnVhXagjpump,name_len,7.0,0.0,7.0,-1.0,0.0020430405897104,ge10_dump,
2hCEWYZcFZNWV59a6Coyo3czTa9MMpdjxnVhXagjpump,name_missing,0.0,1.0,1.0,,0.0020430405897104,ge10_dump,
2hCEWYZcFZNWV59a6Coyo3czTa9MMpdjxnVhXagjpump,symbol_len,7.0,0.0,7.0,-1.0,0.0020430405897104,ge10_dump,
2hCEWYZcFZNWV59a6Coyo3czTa9MMpdjxnVhXagjpump,symbol_missing,0.0,1.0,1.0,,0.0020430405897104,ge10_dump,
4M3gYZ2dQ39KuBuJYVmQi5qrtFfMpMWHpJhhx7Wapump,buy_vol_usd_60s,346531.10443732166,343103.6348496157,3427.469587705971,-0.009890799249525694,7.1989488571455595e-06,ge10_dump,
4M3gYZ2dQ39KuBuJYVmQi5qrtFfMpMWHpJhhx7Wapump,buy_vol_first_10s,346531.10443732166,343103.6348496157,3427.469587705971,-0.009890799249525694,7.1989488571455595e-06,ge10_dump,
4M3gYZ2dQ39KuBuJYVmQi5qrtFfMpMWHpJhhx7Wapump,buy_vol_first_5s,346531.10443732166,343103.6348496157,3427.469587705971,-0.009890799249525694,7.1989488571455595e-06,ge10_dump,
4M3gYZ2dQ39KuBuJYVmQi5qrtFfMpMWHpJhhx7Wapump,buy_vol_usd_15m,346531.10443732166,343103.6348496157,3427.469587705971,-0.009890799249525694,7.1989488571455595e-06,ge10_dump,
4M3gYZ2dQ39KuBuJYVmQi5qrtFfMpMWHpJhhx7Wapump,buy_vol_usd_30s,346531.10443732166,343103.6348496157,3427.469587705971,-0.009890799249525694,7.1989488571455595e-06,ge10_dump,
4M3gYZ2dQ39KuBuJYVmQi5qrtFfMpMWHpJhhx7Wapump,buy_vol_usd_total,346531.10443732166,343103.6348496157,3427.469587705971,-0.009890799249525694,7.1989488571455595e-06,ge10_dump,
4M3gYZ2dQ39KuBuJYVmQi5qrtFfMpMWHpJhhx7Wapump,first10_buy_vol_usd,346531.10443732166,343103.6348496157,3427.469587705971,-0.009890799249525694,7.1989488571455595e-06,ge10_dump,
4M3gYZ2dQ39KuBuJYVmQi5qrtFfMpMWHpJhhx7Wapump,first5_buy_vol_usd,346531.10443732166,343103.6348496157,3427.469587705971,-0.009890799249525694,7.1989488571455595e-06,ge10_dump,
4M3gYZ2dQ39KuBuJYVmQi5qrtFfMpMWHpJhhx7Wapump,first_buy_usd,336509.76,333086.50516856706,3423.254831432947,-0.010172824798403906,7.1989488571455595e-06,ge10_dump,
4M3gYZ2dQ39KuBuJYVmQi5qrtFfMpMWHpJhhx7Wapump,max_buy_share,0.9710809670214344,0.9708043615293112,0.0002766054921232719,-0.00028484287254820274,7.1989488571455595e-06,ge10_dump,
4M3gYZ2dQ39KuBuJYVmQi5qrtFfMpMWHpJhhx7Wapump,max_buy_sol,2888.0,2859.462450592,28.537549407999904,-0.009881422925207724,7.1989488571455595e-06,ge10_dump,
4M3gYZ2dQ39KuBuJYVmQi5qrtFfMpMWHpJhhx7Wapump,max_buy_usd,336509.76,333086.50516856706,3423.254831432947,-0.010172824798403906,7.1989488571455595e-06,ge10_dump,
4M3gYZ2dQ39KuBuJYVmQi5qrtFfMpMWHpJhhx7Wapump,net_sol_curve,85.005359057,85.00664429700001,0.0012852400000014086,1.5119517337013964e-05,7.1989488571455595e-06,ge10_dump,
4M3gYZ2dQ39KuBuJYVmQi5qrtFfMpMWHpJhhx7Wapump,net_sol_total,2974.005359057,2945.45694674,28.54841231699993,-0.009599314348933144,7.1989488571455595e-06,ge10_dump,
4M3gYZ2dQ39KuBuJYVmQi5qrtFfMpMWHpJhhx7Wapump,progress_curve_proxy,1.000063047729412,1.0000781682000002,1.5120470588270152e-05,1.5119517337032248e-05,7.1989488571455595e-06,ge10_dump,
4M3gYZ2dQ39KuBuJYVmQi5qrtFfMpMWHpJhhx7Wapump,top1_buyer_vol_share,0.971417213893672,0.9711397430571563,0.0002774708365156364,-0.0002856350829974148,7.1989488571455595e-06,ge10_dump,
4M3gYZ2dQ39KuBuJYVmQi5qrtFfMpMWHpJhhx7Wapump,name_len,27.0,0.0,27.0,-1.0,7.1989488571455595e-06,ge10_dump,
4M3gYZ2dQ39KuBuJYVmQi5qrtFfMpMWHpJhhx7Wapump,name_missing,0.0,1.0,1.0,,7.1989488571455595e-06,ge10_dump,
4M3gYZ2dQ39KuBuJYVmQi5qrtFfMpMWHpJhhx7Wapump,symbol_len,4.0,0.0,4.0,-1.0,7.1989488571455595e-06,ge10_dump,
4M3gYZ2dQ39KuBuJYVmQi5qrtFfMpMWHpJhhx7Wapump,symbol_missing,0.0,1.0,1.0,,7.1989488571455595e-06,ge10_dump,
2DU2GNLBhXg2GqkgCnDf6uFWREp9dFeUhU1SRmT2pump,buy_vol_usd_60s,207097.38561631416,204990.75617557717,2106.629440736986,-0.010172168202257767,-3.0309478120216227e-05,fetch_create_to_t0,
2DU2GNLBhXg2GqkgCnDf6uFWREp9dFeUhU1SRmT2pump,buy_vol_first_10s,207097.38561631416,204990.75617557715,2106.629440737015,-0.010172168202257907,-3.0309478120216227e-05,fetch_create_to_t0,
2DU2GNLBhXg2GqkgCnDf6uFWREp9dFeUhU1SRmT2pump,buy_vol_first_5s,207097.38561631416,204990.75617557715,2106.629440737015,-0.010172168202257907,-3.0309478120216227e-05,fetch_create_to_t0,
2DU2GNLBhXg2GqkgCnDf6uFWREp9dFeUhU1SRmT2pump,buy_vol_usd_15m,207097.3856163142,204990.75617557717,2106.629440737015,-0.010172168202257907,-3.0309478120216227e-05,fetch_create_to_t0,
2DU2GNLBhXg2GqkgCnDf6uFWREp9dFeUhU1SRmT2pump,buy_vol_usd_30s,207097.3856163142,204990.75617557717,2106.629440737015,-0.010172168202257907,-3.0309478120216227e-05,fetch_create_to_t0,
2DU2GNLBhXg2GqkgCnDf6uFWREp9dFeUhU1SRmT2pump,buy_vol_usd_total,207097.3856163142,204990.75617557717,2106.629440737015,-0.010172168202257907,-3.0309478120216227e-05,fetch_create_to_t0,
2DU2GNLBhXg2GqkgCnDf6uFWREp9dFeUhU1SRmT2pump,first10_buy_vol_usd,207097.38561631416,204990.75617557717,2106.629440736986,-0.010172168202257767,-3.0309478120216227e-05,fetch_create_to_t0,
2DU2GNLBhXg2GqkgCnDf6uFWREp9dFeUhU1SRmT2pump,first5_buy_vol_usd,207097.38561631416,204990.75617557717,2106.629440736986,-0.010172168202257767,-3.0309478120216227e-05,fetch_create_to_t0,
2DU2GNLBhXg2GqkgCnDf6uFWREp9dFeUhU1SRmT2pump,first_buy_usd,197057.12,194959.49811391847,2097.621886081528,-0.010644740398527737,-3.0309478120216227e-05,fetch_create_to_t0,
2DU2GNLBhXg2GqkgCnDf6uFWREp9dFeUhU1SRmT2pump,max_buy_share,0.951519109782894,0.9510648272692511,0.0004542825136428785,-0.0004774286811186915,-3.0309478120216227e-05,fetch_create_to_t0,
2DU2GNLBhXg2GqkgCnDf6uFWREp9dFeUhU1SRmT2pump,max_buy_sol,1688.0,1671.320158102,16.67984189799995,-0.00988142292535542,-3.0309478120216227e-05,fetch_create_to_t0,
2DU2GNLBhXg2GqkgCnDf6uFWREp9dFeUhU1SRmT2pump,max_buy_usd,197057.12,194959.49811391847,2097.621886081528,-0.010644740398527737,-3.0309478120216227e-05,fetch_create_to_t0,
2DU2GNLBhXg2GqkgCnDf6uFWREp9dFeUhU1SRmT2pump,net_sol_curve,85.005359057,85.00664429700001,0.0012852400000014086,1.5119517337013964e-05,-3.0309478120216227e-05,fetch_create_to_t0,
2DU2GNLBhXg2GqkgCnDf6uFWREp9dFeUhU1SRmT2pump,net_sol_total,1774.005359057,1757.31465425,16.690704806999975,-0.00940848612535882,-3.0309478120216227e-05,fetch_create_to_t0,
2DU2GNLBhXg2GqkgCnDf6uFWREp9dFeUhU1SRmT2pump,progress_curve_proxy,1.000063047729412,1.0000781682000002,1.5120470588270152e-05,1.5119517337032248e-05,-3.0309478120216227e-05,fetch_create_to_t0,
2DU2GNLBhXg2GqkgCnDf6uFWREp9dFeUhU1SRmT2pump,top1_buyer_vol_share,0.9520828059379788,0.9516269644190273,0.00045584151895150526,-0.0004787834798701322,-3.0309478120216227e-05,fetch_create_to_t0,
2DU2GNLBhXg2GqkgCnDf6uFWREp9dFeUhU1SRmT2pump,name_len,30.0,0.0,30.0,-1.0,-3.0309478120216227e-05,fetch_create_to_t0,
2DU2GNLBhXg2GqkgCnDf6uFWREp9dFeUhU1SRmT2pump,name_missing,0.0,1.0,1.0,,-3.0309478120216227e-05,fetch_create_to_t0,
2DU2GNLBhXg2GqkgCnDf6uFWREp9dFeUhU1SRmT2pump,symbol_len,4.0,0.0,4.0,-1.0,-3.0309478120216227e-05,fetch_create_to_t0,
2DU2GNLBhXg2GqkgCnDf6uFWREp9dFeUhU1SRmT2pump,symbol_missing,0.0,1.0,1.0,,-3.0309478120216227e-05,fetch_create_to_t0,
wXcbD8Sr23SoN1J8zE7i6Js4EaoCDAFWkUhdoe8pump,buy_vol_usd_60s,23755.8874260422,23730.510485761286,25.376940280915733,-0.001068237941433266,5.539665871523436e-05,fetch_create_to_t0,
wXcbD8Sr23SoN1J8zE7i6Js4EaoCDAFWkUhdoe8pump,buy_vol_first_10s,23755.8874260422,23730.510485761286,25.376940280915733,-0.001068237941433266,5.539665871523436e-05,fetch_create_to_t0,
wXcbD8Sr23SoN1J8zE7i6Js4EaoCDAFWkUhdoe8pump,buy_vol_first_5s,23755.8874260422,23730.510485761286,25.376940280915733,-0.001068237941433266,5.539665871523436e-05,fetch_create_to_t0,
wXcbD8Sr23SoN1J8zE7i6Js4EaoCDAFWkUhdoe8pump,buy_vol_usd_15m,23755.8874260422,23730.510485761286,25.376940280915733,-0.001068237941433266,5.539665871523436e-05,fetch_create_to_t0,
wXcbD8Sr23SoN1J8zE7i6Js4EaoCDAFWkUhdoe8pump,buy_vol_usd_30s,23755.8874260422,23730.510485761286,25.376940280915733,-0.001068237941433266,5.539665871523436e-05,fetch_create_to_t0,
wXcbD8Sr23SoN1J8zE7i6Js4EaoCDAFWkUhdoe8pump,buy_vol_usd_total,23755.8874260422,23730.510485761286,25.376940280915733,-0.001068237941433266,5.539665871523436e-05,fetch_create_to_t0,
wXcbD8Sr23SoN1J8zE7i6Js4EaoCDAFWkUhdoe8pump,first10_buy_vol_usd,23755.8874260422,23730.510485761286,25.376940280915733,-0.001068237941433266,5.539665871523436e-05,fetch_create_to_t0,
wXcbD8Sr23SoN1J8zE7i6Js4EaoCDAFWkUhdoe8pump,first5_buy_vol_usd,23755.8874260422,23730.510485761286,25.376940280915733,-0.001068237941433266,5.539665871523436e-05,fetch_create_to_t0,
wXcbD8Sr23SoN1J8zE7i6Js4EaoCDAFWkUhdoe8pump,first_buy_usd,13729.0994932718,13714.347034237999,14.752459033801642,-0.0010745394511148642,5.539665871523436e-05,fetch_create_to_t0,
wXcbD8Sr23SoN1J8zE7i6Js4EaoCDAFWkUhdoe8pump,max_buy_share,0.577924084545938,0.5779204388572611,3.645688676945369e-06,-6.308248391844934e-06,5.539665871523436e-05,fetch_create_to_t0,
wXcbD8Sr23SoN1J8zE7i6Js4EaoCDAFWkUhdoe8pump,max_buy_usd,13729.0994932718,13714.347034237999,14.752459033801642,-0.0010745394511148642,5.539665871523436e-05,fetch_create_to_t0,
wXcbD8Sr23SoN1J8zE7i6Js4EaoCDAFWkUhdoe8pump,net_sol_curve,85.005359057,85.00664429700001,0.0012852400000014086,1.5119517337013964e-05,5.539665871523436e-05,fetch_create_to_t0,
wXcbD8Sr23SoN1J8zE7i6Js4EaoCDAFWkUhdoe8pump,net_sol_total,203.738314117,203.739599357,0.0012852400000156194,6.308288186175673e-06,5.539665871523436e-05,fetch_create_to_t0,
wXcbD8Sr23SoN1J8zE7i6Js4EaoCDAFWkUhdoe8pump,progress_curve_proxy,1.000063047729412,1.0000781682000002,1.5120470588270152e-05,1.5119517337032248e-05,5.539665871523436e-05,fetch_create_to_t0,
wXcbD8Sr23SoN1J8zE7i6Js4EaoCDAFWkUhdoe8pump,top1_buyer_vol_share,0.58277185405498,0.5827681777853688,3.6762696111747317e-06,-6.308248391879104e-06,5.539665871523436e-05,fetch_create_to_t0,
wXcbD8Sr23SoN1J8zE7i6Js4EaoCDAFWkUhdoe8pump,name_len,4.0,0.0,4.0,-1.0,5.539665871523436e-05,fetch_create_to_t0,
wXcbD8Sr23SoN1J8zE7i6Js4EaoCDAFWkUhdoe8pump,name_missing,0.0,1.0,1.0,,5.539665871523436e-05,fetch_create_to_t0,
wXcbD8Sr23SoN1J8zE7i6Js4EaoCDAFWkUhdoe8pump,symbol_len,8.0,0.0,8.0,-1.0,5.539665871523436e-05,fetch_create_to_t0,
wXcbD8Sr23SoN1J8zE7i6Js4EaoCDAFWkUhdoe8pump,symbol_missing,0.0,1.0,1.0,,5.539665871523436e-05,fetch_create_to_t0,
