mint,trades,oos,store_rescore,path_a_pilot_score,delta_pilot_minus_store,n_resid_q5b_cols,top_resid_col
4M3gYZ2dQ39KuBuJYVmQi5qrtFfMpMWHpJhhx7Wapump,3/3,0.9998456806403022,0.9998456806403022,0.9998456806403022,0.0,16,buy_vol_usd_60s
G4G4cN8BLGaDe7yS7KSwegFDPACaBbM2d1ZFXYhMpump,3/3,0.9998258517557967,0.9998258517557969,0.9998258517557969,0.0,16,buy_vol_usd_60s
4X9d1Mc1cXJUFXtADbAuMkQniK9411dvAP1ovCFopump,3/3,0.9998258517557967,0.9998258517557969,0.9998258517557969,0.0,16,buy_vol_usd_60s
2ahcm3vhbPTi7WzECWW7Jb7uP4mEyVRCHsRTzvaDpump,3/3,0.9998258517557967,0.9998258517557969,0.9997961282266884,-2.9723529108460767e-05,16,first_buy_usd
wbf55KygjChmSMkTeVTmQ3j7vuGqVdKQbdRfg6epump,3/3,0.99985275449228,0.99985275449228,0.99985275449228,0.0,16,buy_vol_usd_60s
2DU2GNLBhXg2GqkgCnDf6uFWREp9dFeUhU1SRmT2pump,3/3,0.9998186361765496,0.9998186361765496,0.9998186361765496,0.0,16,buy_vol_first_10s
56ofoyzfMaGwzgeeTsTchJuVM8Trx5GHhW9pxh9Jpump,3/3,0.9998458854854944,0.9998458854854945,0.9998458854854945,0.0,16,first_buy_usd
6mCCo1Abfz2riT4UcgaVq4Hs5ZGxYjgxjhizDfnfpump,4/4,0.9998458854854944,0.9998458854854945,0.9998458854854945,0.0,16,first_buy_usd
BZofTtkyrBM2EDdRBN6GCavdWvxd61xbLTVFnoPgpump,4/4,0.9998178426097192,0.9998178426097191,0.9998178426097191,0.0,16,first_buy_usd
wXcbD8Sr23SoN1J8zE7i6Js4EaoCDAFWkUhdoe8pump,3/3,0.9994584591362125,0.9994584591362125,0.9994584591362125,0.0,15,buy_vol_usd_60s
69xneXbByUnx7WtEC7tqHHo1NJoXJqM9dNFYYu8pump,3/3,0.9994911956626782,0.9994911956626782,0.9994911956626782,0.0,15,buy_vol_usd_60s
2hCEWYZcFZNWV59a6Coyo3czTa9MMpdjxnVhXagjpump,6/6,0.9953618205983026,0.9924235603897078,0.9947735625613195,0.0023500021716117425,18,buy_vol_usd_60s
