mint,has_live_feats,oos_score,train_store_rescore,live_rebuild_score,prior_live_score,delta_oos_minus_live,prior_delta,trades_exact,n_trades,train_buys,buy_vol_train,buy_vol_live,age_s_train,age_s_live,prior_delta_oos_live,trades_exact_prior,n_trades_prior
69xneXbByUnx7WtEC7tqHHo1NJoXJqM9dNFYYu8pump,True,0.9994911956626782,0.9994911956626782,0.9994030624774972,0.9994030624774972,8.813318518097191e-05,8.813318518097191e-05,True,3.0,3.0,24879.92336275765,24903.295161180882,0.0,0.0,,,
BZofTtkyrBM2EDdRBN6GCavdWvxd61xbLTVFnoPgpump,True,0.9998178426097192,0.9998178426097191,0.9997958937369965,0.9997958937369964,2.194887272266577e-05,2.194887272266577e-05,True,4.0,4.0,28770.20548812558,28688.928268364987,0.0,0.0,,,
4M3gYZ2dQ39KuBuJYVmQi5qrtFfMpMWHpJhhx7Wapump,True,0.9998456806403022,0.9998456806403022,0.6949701878264292,0.9998384816914452,0.30487549281387305,7.19894885714556e-06,True,3.0,3.0,346531.10443732166,9902.059059783496,0.0,0.0,,,
wbf55KygjChmSMkTeVTmQ3j7vuGqVdKQbdRfg6epump,False,,,,,,,,,3.0,,,,,6.869006785481524e-06,True,3.0
2ahcm3vhbPTi7WzECWW7Jb7uP4mEyVRCHsRTzvaDpump,True,0.9998258517557967,0.9998258517557969,0.9997961282266884,0.9997961282266884,2.9723529108349744e-05,2.9723529108349744e-05,True,3.0,3.0,417124.5240621877,413156.77899690083,0.0,0.0,,,
4X9d1Mc1cXJUFXtADbAuMkQniK9411dvAP1ovCFopump,False,,,,,,,,,3.0,,,,,-1.1102230246251563e-16,True,3.0
G4G4cN8BLGaDe7yS7KSwegFDPACaBbM2d1ZFXYhMpump,False,,,,,,,,,3.0,,,,,-1.1102230246251563e-16,True,3.0
2DU2GNLBhXg2GqkgCnDf6uFWREp9dFeUhU1SRmT2pump,False,,,,,,,,,3.0,,,,,-3.0309478120216227e-05,True,3.0
wXcbD8Sr23SoN1J8zE7i6Js4EaoCDAFWkUhdoe8pump,False,,,,,,,,,3.0,,,,,5.539665871523436e-05,True,3.0
2hCEWYZcFZNWV59a6Coyo3czTa9MMpdjxnVhXagjpump,True,0.9953618205983026,0.9953618205983026,0.9933187800085921,0.9929091058075268,0.0020430405897104986,0.0024527147907758,True,6.0,6.0,25228.5410196028,17638.784115112943,0.0,0.0,,,
6mCCo1Abfz2riT4UcgaVq4Hs5ZGxYjgxjhizDfnfpump,False,,,,,,,,,4.0,,,,,-1.1102230246251563e-16,True,4.0
56ofoyzfMaGwzgeeTsTchJuVM8Trx5GHhW9pxh9Jpump,False,,,,,,,,,3.0,,,,,-1.1102230246251563e-16,True,3.0
