mint,short,n_trades_le_t0,n_buys_le_t0,train_buy_count,trades_exact,oos_score,train_store_rescore,isolate_score_no_metafill,isolate_score,path_a_metafill_score,delta_isolate_minus_store,delta_path_a_minus_store,delta_oos_minus_isolate,delta_oos_minus_store,abs_delta_isolate_store,bit_identical_1e12,meta_source,name_len_before,name_len_after,symbol_len_before,symbol_len_after,name_missing_after,symbol_missing_after,buy_vol_usd_60s_isolate,buy_vol_usd_60s_store,buy_vol_usd_60s_path_a,n_residual_feat_cols_isolate,n_residual_feat_cols_path_a,max_abs_feat_delta_isolate,max_abs_feat_delta_path_a,top_residual_feat_isolate,top_residual_feat_path_a,residual_feat_json_isolate,residual_feat_json_path_a,sol_usd_source,recovery_source,isolate_only,not_prod_path_a
69xneXbByUnx7WtEC7tqHHo1NJoXJqM9dNFYYu8pump,69xneXbByUnx…,3,3,3.0,True,0.9994911956626782,0.9994911956626782,0.9994911956626782,0.9994911956626782,0.9994911956626782,0.0,0.0,0.0,0.0,0.0,True,isolate_pack_prefilled_store_meta,11.0,11.0,4.0,4.0,0.0,0.0,24879.92336275765,24879.92336275765,24903.29516118088,0,15,0.0,23.37179842322803,,first5_buy_vol_usd,{},"{""buy_vol_usd_60s"":{""live"":24903.29516118088,""store"":24879.92336275765,""d"":23.37179842322803},""buy_vol_first_10s"":{""live"":24903.29516118088,""store"":24879.92336275765,""d"":23.37179842322803},""buy_vol_first_5s"":{""live"":24903.29516118088,""store"":24879.92336275765,""d"":23.37179842322803},""buy_vol_usd_15m"":{""live"":24903.29516118088,""store"":24879.92336275765,""d"":23.37179842322803},""buy_vol_usd_30s"":{""live"":24903.29516118088,""store"":24879.92336275765,""d"":23.37179842322803},""buy_vol_usd_total"":{""live"":24903.29516118088,""store"":24879.92336275765,""d"":23.37179842322803},""first10_buy_vol_usd"":{""live"":24903.29516118088,""store"":24879.92336275765,""d"":23.37179842322803},""first5_buy_vol_usd"":{""live"":24903.29516118088,""store"":24879.92336275765,""d"":23.37179842322803},""first_buy_usd"":{""live"":14785.228319255011,""store"":14771.44204631545,""d"":13.786272939561968},""max_buy_share"":{""live"":0.5937057013363494,""store"":0.5937093065337403,""d"":-3.605197390954551e-06},""max_buy_usd"":{""live"":14785.228319255011,""store"":14771.44204631545,""d"":13.786272939561968},""net_sol_curve"":{""live"":85.006644297,""store"":85.005359057,""d"":0.0012852399999871977},""net_sol_total"":{""live"":211.655248343,""store"":211.653963103,""d"":0.0012852400000156194},""progress_curve_proxy"":{""live"":1.0000781682,""store"":1.000063047729412,""d"":1.5120470588048107e-05},""top1_buyer_vol_share"":{""live"":0.5983721407217759,""store"":0.5983757742554874,""d"":-3.6335337114667965e-06}}",pyth_asof,n200_recovery,True,True
BZofTtkyrBM2EDdRBN6GCavdWvxd61xbLTVFnoPgpump,BZofTtkyrBM2…,4,4,4.0,True,0.9998178426097192,0.9998178426097191,0.9998178426097191,0.9998178426097191,0.9998178426097191,0.0,0.0,1.1102230246251565e-16,1.1102230246251565e-16,0.0,True,isolate_pack_prefilled_store_meta,9.0,9.0,9.0,9.0,0.0,0.0,28770.20548812558,28770.20548812558,28688.928268364987,0,16,0.0,116.89939521171618,,max_buy_usd,{},"{""buy_vol_usd_60s"":{""live"":28688.928268364987,""store"":28770.20548812558,""d"":-81.27721976059183},""buy_vol_first_10s"":{""live"":28688.928268364987,""store"":28770.205488125583,""d"":-81.27721976059547},""buy_vol_first_5s"":{""live"":28688.928268364987,""store"":28770.205488125583,""d"":-81.27721976059547},""buy_vol_usd_15m"":{""live"":28688.928268364987,""store"":28770.20548812558,""d"":-81.27721976059183},""buy_vol_usd_30s"":{""live"":28688.928268364987,""store"":28770.20548812558,""d"":-81.27721976059183},""buy_vol_usd_total"":{""live"":28688.928268364987,""store"":28770.20548812558,""d"":-81.27721976059183},""first10_buy_vol_usd"":{""live"":28688.928268364987,""store"":28770.205488125583,""d"":-81.27721976059547},""first5_buy_vol_usd"":{""live"":28688.928268364987,""store"":28770.205488125583,""d"":-81.27721976059547},""first_buy_usd"":{""live"":18593.500604788285,""store"":18710.4,""d"":-116.89939521171618},""max_buy_share"":{""live"":0.6481071872347063,""store"":0.6503394634328352,""d"":-0.002232276198128935},""max_buy_sol"":{""live"":158.418972331,""store"":160.0,""d"":-1.581027669000008},""max_buy_usd"":{""live"":18593.500604788285,""store"":18710.4,""d"":-116.89939521171618},""net_sol_curve"":{""live"":85.006644297,""store"":85.005359057,""d"":0.0012852399999871977},""net_sol_total"":{""live"":244.433290436,""store"":246.025359057,""d"":-1.59206862100001},""progress_curve_proxy"":{""live"":1.0000781682,""store"":1.000063047729412,""d"":1.5120470588048107e-05},""top1_buyer_vol_share"":{""live"":0.6481071872347063,""store"":0.6503394634328352,""d"":-0.002232276198128935}}",pyth_asof,n200_recovery,True,True
4M3gYZ2dQ39KuBuJYVmQi5qrtFfMpMWHpJhhx7Wapump,4M3gYZ2dQ39K…,3,3,3.0,True,0.9998456806403022,0.9998456806403022,0.9998456806403022,0.9998456806403022,0.9998052145221236,0.0,-4.046611817865031e-05,0.0,0.0,0.0,True,isolate_pack_prefilled_store_meta,27.0,27.0,4.0,4.0,0.0,0.0,346531.10443732166,346531.10443732166,343103.6348496157,0,19,0.0,3427.469587705971,,first5_buy_vol_usd,{},"{""buy_vol_usd_60s"":{""live"":343103.6348496157,""store"":346531.10443732166,""d"":-3427.469587705971},""buy_vol_first_10s"":{""live"":343103.6348496157,""store"":346531.10443732166,""d"":-3427.469587705971},""buy_vol_first_5s"":{""live"":343103.6348496157,""store"":346531.10443732166,""d"":-3427.469587705971},""buy_vol_usd_15m"":{""live"":343103.6348496157,""store"":346531.10443732166,""d"":-3427.469587705971},""buy_vol_usd_30s"":{""live"":343103.6348496157,""store"":346531.10443732166,""d"":-3427.469587705971},""buy_vol_usd_total"":{""live"":343103.6348496157,""store"":346531.10443732166,""d"":-3427.469587705971},""first10_buy_vol_usd"":{""live"":343103.6348496157,""store"":346531.10443732166,""d"":-3427.469587705971},""first5_buy_vol_usd"":{""live"":343103.6348496157,""store"":346531.10443732166,""d"":-3427.469587705971},""first_buy_usd"":{""live"":333086.50516856706,""store"":336509.76,""d"":-3423.254831432947},""max_buy_share"":{""live"":0.9708043615293112,""store"":0.9710809670214344,""d"":-0.0002766054921232719},""max_buy_sol"":{""live"":2859.462450592,""store"":2888.0,""d"":-28.537549407999904},""max_buy_usd"":{""live"":333086.50516856706,""store"":336509.76,""d"":-3423.254831432947},""net_sol_curve"":{""live"":85.00664429700001,""store"":85.005359057,""d"":0.0012852400000014086},""net_sol_total"":{""live"":2945.45694674,""store"":2974.005359057,""d"":-28.54841231699993},""progress_curve_proxy"":{""live"":1.0000781682000002,""store"":1.000063047729412,""d"":1.5120470588270152e-05},""top1_buyer_vol_share"":{""live"":0.9711397430571564,""store"":0.971417213893672,""d"":-0.0002774708365155254},""creator_prior_mints_7d"":{""live"":0.0,""store"":6.0,""d"":-6.0},""creator_prior_mints_30d"":{""live"":0.0,""store"":6.0,""d"":-6.0},""creator_prior_mints_cohort"":{""live"":0.0,""store"":6.0,""d"":-6.0}}",pyth_asof,dump_exact_fallback,True,True
wbf55KygjChmSMkTeVTmQ3j7vuGqVdKQbdRfg6epump,wbf55KygjChm…,3,3,3.0,True,0.99985275449228,0.99985275449228,0.99985275449228,0.99985275449228,0.9998052145221236,0.0,-4.7539970156385e-05,0.0,0.0,0.0,True,isolate_pack_prefilled_store_meta,27.0,27.0,4.0,4.0,0.0,0.0,358828.6455627236,358828.6455627236,355242.80473982287,0,19,0.0,3585.840822900762,,first5_buy_vol_usd,{},"{""buy_vol_usd_60s"":{""live"":355242.80473982287,""store"":358828.6455627236,""d"":-3585.840822900762},""buy_vol_first_10s"":{""live"":355242.8047398229,""store"":358828.6455627236,""d"":-3585.8408229007036},""buy_vol_first_5s"":{""live"":355242.8047398229,""store"":358828.6455627236,""d"":-3585.8408229007036},""buy_vol_usd_15m"":{""live"":355242.80473982287,""store"":358828.6455627236,""d"":-3585.840822900762},""buy_vol_usd_30s"":{""live"":355242.80473982287,""store"":358828.6455627236,""d"":-3585.840822900762},""buy_vol_usd_total"":{""live"":355242.80473982287,""store"":358828.6455627236,""d"":-3585.840822900762},""first10_buy_vol_usd"":{""live"":355242.80473982287,""store"":358828.6455627236,""d"":-3585.840822900762},""first5_buy_vol_usd"":{""live"":355242.80473982287,""store"":358828.6455627236,""d"":-3585.840822900762},""first_buy_usd"":{""live"":345208.5662680175,""store"":348789.24,""d"":-3580.673731982475},""max_buy_share"":{""live"":0.9717538586625156,""store"":0.9720217276773444,""d"":-0.000267869014828781},""max_buy_sol"":{""live"":2958.4743083,""store"":2988.0,""d"":-29.525691700000152},""max_buy_usd"":{""live"":345208.5662680175,""store"":348789.24,""d"":-3580.673731982475},""net_sol_curve"":{""live"":85.00664429700001,""store"":85.005359057,""d"":0.0012852400000014086},""net_sol_total"":{""live"":3044.468804448,""store"":3074.005359057,""d"":-29.536554609000177},""progress_curve_proxy"":{""live"":1.0000781682000002,""store"":1.000063047729412,""d"":1.5120470588270152e-05},""top1_buyer_vol_share"":{""live"":0.9720783329516124,""store"":0.9723470361538092,""d"":-0.0002687032021968516},""creator_prior_mints_7d"":{""live"":0.0,""store"":5.0,""d"":-5.0},""creator_prior_mints_30d"":{""live"":0.0,""store"":5.0,""d"":-5.0},""creator_prior_mints_cohort"":{""live"":0.0,""store"":5.0,""d"":-5.0}}",pyth_asof,n200_recovery,True,True
2ahcm3vhbPTi7WzECWW7Jb7uP4mEyVRCHsRTzvaDpump,2ahcm3vhbPTi…,3,3,3.0,True,0.9998258517557967,0.9998258517557969,0.9998258517557969,0.9998258517557969,0.9997961282266884,0.0,-2.9723529108460767e-05,-1.1102230246251565e-16,-1.1102230246251565e-16,0.0,True,isolate_pack_prefilled_store_meta,4.0,4.0,4.0,4.0,0.0,0.0,417124.5240621877,417124.5240621877,413156.7789969008,0,16,0.0,3967.8457839254406,,max_buy_usd,{},"{""buy_vol_usd_60s"":{""live"":413156.7789969008,""store"":417124.5240621877,""d"":-3967.74506528693},""buy_vol_first_10s"":{""live"":413156.7789969009,""store"":417124.5240621877,""d"":-3967.7450652868138},""buy_vol_first_5s"":{""live"":413156.7789969009,""store"":417124.5240621877,""d"":-3967.7450652868138},""buy_vol_usd_15m"":{""live"":413156.7789969008,""store"":417124.5240621877,""d"":-3967.74506528693},""buy_vol_usd_30s"":{""live"":413156.7789969008,""store"":417124.5240621877,""d"":-3967.74506528693},""buy_vol_usd_total"":{""live"":413156.7789969008,""store"":417124.5240621877,""d"":-3967.74506528693},""first10_buy_vol_usd"":{""live"":413156.7789969008,""store"":417124.5240621877,""d"":-3967.74506528693},""first5_buy_vol_usd"":{""live"":413156.7789969008,""store"":417124.5240621877,""d"":-3967.74506528693},""first_buy_usd"":{""live"":403141.3542160746,""store"":407109.2,""d"":-3967.8457839254406},""max_buy_share"":{""live"":0.975758779015698,""store"":0.9759896062579756,""d"":-0.0002308272422776314},""max_buy_sol"":{""live"":3461.454545453,""store"":3496.0,""d"":-34.54545454700019},""max_buy_usd"":{""live"":403141.3542160746,""store"":407109.2,""d"":-3967.8457839254406},""net_sol_curve"":{""live"":85.006644297,""store"":85.005359057,""d"":0.0012852399999871977},""net_sol_total"":{""live"":3547.449041601,""store"":3582.005359057,""d"":-34.556317456000215},""progress_curve_proxy"":{""live"":1.0000781682,""store"":1.000063047729412,""d"":1.5120470588048107e-05},""top1_buyer_vol_share"":{""live"":0.9760372472443928,""store"":0.9762687794863102,""d"":-0.0002315322419174093}}",pyth_asof,n200_recovery,True,True
4X9d1Mc1cXJUFXtADbAuMkQniK9411dvAP1ovCFopump,4X9d1Mc1cXJU…,3,3,3.0,True,0.9998258517557967,0.9998258517557969,0.9998258517557969,0.9998258517557969,0.9998258517557969,0.0,0.0,-1.1102230246251565e-16,-1.1102230246251565e-16,0.0,True,isolate_pack_prefilled_store_meta,4.0,4.0,4.0,4.0,0.0,0.0,476614.8771076142,476614.8771076142,471748.4291011208,0,16,0.0,4866.448006493389,,first5_buy_vol_usd,{},"{""buy_vol_usd_60s"":{""live"":471748.4291011208,""store"":476614.8771076142,""d"":-4866.448006493389},""buy_vol_first_10s"":{""live"":471748.4291011208,""store"":476614.8771076142,""d"":-4866.448006493389},""buy_vol_first_5s"":{""live"":471748.4291011208,""store"":476614.8771076142,""d"":-4866.448006493389},""buy_vol_usd_15m"":{""live"":471748.4291011208,""store"":476614.8771076142,""d"":-4866.448006493389},""buy_vol_usd_30s"":{""live"":471748.4291011208,""store"":476614.8771076142,""d"":-4866.448006493389},""buy_vol_usd_total"":{""live"":471748.4291011208,""store"":476614.8771076142,""d"":-4866.448006493389},""first10_buy_vol_usd"":{""live"":471748.4291011208,""store"":476614.8771076142,""d"":-4866.448006493389},""first5_buy_vol_usd"":{""live"":471748.4291011208,""store"":476614.8771076142,""d"":-4866.448006493389},""first_buy_usd"":{""live"":461714.8500652099,""store"":466574.6114913,""d"":-4859.761426090088},""max_buy_share"":{""live"":0.9787310811929378,""store"":0.9789342169148296,""d"":-0.00020313572189178952},""max_buy_sol"":{""live"":3957.205674396,""store"":3996.698745,""d"":-39.49307060399997},""max_buy_usd"":{""live"":461714.8500652099,""store"":466574.6114913,""d"":-4859.761426090088},""net_sol_curve"":{""live"":85.00664429700001,""store"":85.005359057,""d"":0.0012852400000014086},""net_sol_total"":{""live"":4043.200170544,""store"":4082.704104057,""d"":-39.50393351300045},""progress_curve_proxy"":{""live"":1.0000781682000002,""store"":1.000063047729412,""d"":1.5120470588270152e-05},""top1_buyer_vol_share"":{""live"":0.9789754054433664,""store"":0.9791791526178618,""d"":-0.00020374717449545}}",pyth_asof,n200_recovery,True,True
G4G4cN8BLGaDe7yS7KSwegFDPACaBbM2d1ZFXYhMpump,G4G4cN8BLGaD…,3,3,3.0,True,0.9998258517557967,0.9998258517557969,0.9998258517557969,0.9998258517557969,0.9998258517557969,0.0,0.0,-1.1102230246251565e-16,-1.1102230246251565e-16,0.0,True,isolate_pack_prefilled_store_meta,4.0,4.0,4.0,4.0,0.0,0.0,477624.4267417162,477624.4267417162,472791.7239935927,0,16,0.0,4832.702748123498,,first5_buy_vol_usd,{},"{""buy_vol_usd_60s"":{""live"":472791.7239935927,""store"":477624.4267417162,""d"":-4832.702748123498},""buy_vol_first_10s"":{""live"":472791.7239935927,""store"":477624.4267417162,""d"":-4832.702748123498},""buy_vol_first_5s"":{""live"":472791.7239935927,""store"":477624.4267417162,""d"":-4832.702748123498},""buy_vol_usd_15m"":{""live"":472791.7239935927,""store"":477624.42674171616,""d"":-4832.70274812344},""buy_vol_usd_30s"":{""live"":472791.7239935927,""store"":477624.42674171616,""d"":-4832.70274812344},""buy_vol_usd_total"":{""live"":472791.7239935927,""store"":477624.42674171616,""d"":-4832.70274812344},""first10_buy_vol_usd"":{""live"":472791.7239935927,""store"":477624.4267417162,""d"":-4832.702748123498},""first5_buy_vol_usd"":{""live"":472791.7239935927,""store"":477624.4267417162,""d"":-4832.702748123498},""first_buy_usd"":{""live"":462739.1585304184,""store"":467566.1,""d"":-4826.941469581565},""max_buy_share"":{""live"":0.97873785653805,""store"":0.9789409289421552,""d"":-0.0002030724041052201},""max_buy_sol"":{""live"":3958.494071145,""store"":3998.0,""d"":-39.50592885500009},""max_buy_usd"":{""live"":462739.1585304184,""store"":467566.1,""d"":-4826.941469581565},""net_sol_curve"":{""live"":85.00664429700001,""store"":85.005359057,""d"":0.0012852400000014086},""net_sol_total"":{""live"":4044.488567293,""store"":4084.005359057,""d"":-39.51679176400012},""progress_curve_proxy"":{""live"":1.0000781682000002,""store"":1.000063047729412,""d"":1.5120470588270152e-05},""top1_buyer_vol_share"":{""live"":0.9789821029574832,""store"":0.9791857866032212,""d"":-0.00020368364573797315}}",pyth_asof,n200_recovery,True,True
2DU2GNLBhXg2GqkgCnDf6uFWREp9dFeUhU1SRmT2pump,2DU2GNLBhXg2…,3,3,3.0,True,0.9998186361765496,0.9998186361765496,0.9998186361765496,0.9998186361765496,0.999755223378009,0.0,-6.341279854060744e-05,0.0,0.0,0.0,True,isolate_pack_prefilled_store_meta,30.0,30.0,4.0,4.0,0.0,0.0,207097.38561631416,207097.38561631416,204990.7561755772,0,19,0.0,2106.629440737015,,buy_vol_first_5s,{},"{""buy_vol_usd_60s"":{""live"":204990.7561755772,""store"":207097.38561631416,""d"":-2106.629440736957},""buy_vol_first_10s"":{""live"":204990.75617557715,""store"":207097.38561631416,""d"":-2106.629440737015},""buy_vol_first_5s"":{""live"":204990.75617557715,""store"":207097.38561631416,""d"":-2106.629440737015},""buy_vol_usd_15m"":{""live"":204990.7561755772,""store"":207097.3856163142,""d"":-2106.629440736986},""buy_vol_usd_30s"":{""live"":204990.7561755772,""store"":207097.3856163142,""d"":-2106.629440736986},""buy_vol_usd_total"":{""live"":204990.7561755772,""store"":207097.3856163142,""d"":-2106.629440736986},""first10_buy_vol_usd"":{""live"":204990.7561755772,""store"":207097.38561631416,""d"":-2106.629440736957},""first5_buy_vol_usd"":{""live"":204990.7561755772,""store"":207097.38561631416,""d"":-2106.629440736957},""first_buy_usd"":{""live"":194959.49811391847,""store"":197057.12,""d"":-2097.621886081528},""max_buy_share"":{""live"":0.9510648272692512,""store"":0.951519109782894,""d"":-0.0004542825136427675},""max_buy_sol"":{""live"":1671.320158102,""store"":1688.0,""d"":-16.67984189799995},""max_buy_usd"":{""live"":194959.49811391847,""store"":197057.12,""d"":-2097.621886081528},""net_sol_curve"":{""live"":85.00664429700001,""store"":85.005359057,""d"":0.0012852400000014086},""net_sol_total"":{""live"":1757.31465425,""store"":1774.005359057,""d"":-16.690704806999975},""progress_curve_proxy"":{""live"":1.0000781682000002,""store"":1.000063047729412,""d"":1.5120470588270152e-05},""top1_buyer_vol_share"":{""live"":0.9516269644190272,""store"":0.9520828059379788,""d"":-0.0004558415189516163},""creator_prior_mints_7d"":{""live"":0.0,""store"":3.0,""d"":-3.0},""creator_prior_mints_30d"":{""live"":0.0,""store"":3.0,""d"":-3.0},""creator_prior_mints_cohort"":{""live"":0.0,""store"":3.0,""d"":-3.0}}",pyth_asof,n200_recovery,True,True
wXcbD8Sr23SoN1J8zE7i6Js4EaoCDAFWkUhdoe8pump,wXcbD8Sr23So…,3,3,3.0,True,0.9994584591362125,0.9994584591362125,0.9994584591362125,0.9994584591362125,0.9994584591362125,0.0,0.0,0.0,0.0,0.0,True,isolate_pack_prefilled_store_meta,4.0,4.0,8.0,8.0,0.0,0.0,23755.8874260422,23755.8874260422,23730.51048576129,0,15,0.0,25.376940280912095,,first5_buy_vol_usd,{},"{""buy_vol_usd_60s"":{""live"":23730.51048576129,""store"":23755.8874260422,""d"":-25.376940280912095},""buy_vol_first_10s"":{""live"":23730.51048576129,""store"":23755.8874260422,""d"":-25.376940280912095},""buy_vol_first_5s"":{""live"":23730.51048576129,""store"":23755.8874260422,""d"":-25.376940280912095},""buy_vol_usd_15m"":{""live"":23730.51048576129,""store"":23755.8874260422,""d"":-25.376940280912095},""buy_vol_usd_30s"":{""live"":23730.51048576129,""store"":23755.8874260422,""d"":-25.376940280912095},""buy_vol_usd_total"":{""live"":23730.51048576129,""store"":23755.8874260422,""d"":-25.376940280912095},""first10_buy_vol_usd"":{""live"":23730.51048576129,""store"":23755.8874260422,""d"":-25.376940280912095},""first5_buy_vol_usd"":{""live"":23730.51048576129,""store"":23755.8874260422,""d"":-25.376940280912095},""first_buy_usd"":{""live"":13714.347034238,""store"":13729.0994932718,""d"":-14.752459033799823},""max_buy_share"":{""live"":0.5779204388572611,""store"":0.577924084545938,""d"":-3.645688676945369e-06},""max_buy_usd"":{""live"":13714.347034238,""store"":13729.0994932718,""d"":-14.752459033799823},""net_sol_curve"":{""live"":85.00664429700001,""store"":85.005359057,""d"":0.0012852400000014086},""net_sol_total"":{""live"":203.739599357,""store"":203.738314117,""d"":0.0012852400000156194},""progress_curve_proxy"":{""live"":1.0000781682000002,""store"":1.000063047729412,""d"":1.5120470588270152e-05},""top1_buyer_vol_share"":{""live"":0.5827681777853688,""store"":0.58277185405498,""d"":-3.6762696111747317e-06}}",pyth_asof,n200_recovery,True,True
2hCEWYZcFZNWV59a6Coyo3czTa9MMpdjxnVhXagjpump,2hCEWYZcFZNW…,6,6,6.0,True,0.9953618205983026,0.9924235603897078,0.9924235603897078,0.9924235603897078,0.9947735625613195,0.0,0.0023500021716117425,0.0029382602085947784,0.0029382602085947784,0.0,True,isolate_pack_prefilled_store_meta,7.0,7.0,7.0,7.0,0.0,0.0,17610.973964359822,17610.973964359822,17638.784115112943,0,18,0.0,27.81015075312098,,first10_buy_vol_usd,{},"{""buy_vol_usd_60s"":{""live"":17638.784115112943,""store"":17610.973964359822,""d"":27.81015075312098},""buy_vol_first_10s"":{""live"":17638.784115112943,""store"":17610.973964359822,""d"":27.81015075312098},""buy_vol_first_5s"":{""live"":17638.784115112943,""store"":17610.973964359822,""d"":27.81015075312098},""buy_vol_usd_15m"":{""live"":17638.784115112943,""store"":17610.973964359822,""d"":27.81015075312098},""buy_vol_usd_30s"":{""live"":17638.784115112943,""store"":17610.973964359822,""d"":27.81015075312098},""buy_vol_usd_total"":{""live"":17638.784115112943,""store"":17610.973964359822,""d"":27.81015075312098},""first10_buy_vol_usd"":{""live"":17638.784115112943,""store"":17610.973964359822,""d"":27.81015075312098},""first5_buy_vol_share"":{""live"":0.9933970781132924,""store"":0.9934059072950414,""d"":-8.829181749048232e-06},""first5_buy_vol_usd"":{""live"":17522.316601424354,""store"":17494.84556941422,""d"":27.471032010133058},""first_buy_usd"":{""live"":7628.864215568446,""store"":7616.04384643776,""d"":12.820369130685322},""max_buy_share"":{""live"":0.4325051072557785,""store"":0.4324601161668125,""d"":4.499108896599546e-05},""max_buy_sol"":{""live"":64.786248131,""store"":64.773293472,""d"":0.0129546589999876},""max_buy_usd"":{""live"":7628.864215568446,""store"":7616.04384643776,""d"":12.820369130685322},""net_sol_curve"":{""live"":85.006776377,""store"":85.00535905699999,""d"":0.0014173200000016095},""net_sol_total"":{""live"":149.79302450799997,""store"":149.778652529,""d"":0.014371978999975},""progress_curve_proxy"":{""live"":1.000079722082353,""store"":1.0000630477294117,""d"":1.667435294128161e-05},""top1_buyer_vol_share"":{""live"":0.4325051072557785,""store"":0.4324601161668125,""d"":4.499108896599546e-05},""top5_buyer_vol_share"":{""live"":0.9933970781132924,""store"":0.9934059072950414,""d"":-8.829181749048232e-06}}",pyth_asof,dump_exact_fallback,True,True
6mCCo1Abfz2riT4UcgaVq4Hs5ZGxYjgxjhizDfnfpump,6mCCo1Abfz2r…,4,4,4.0,True,0.9998458854854944,0.9998458854854945,0.9998458854854945,0.9998458854854945,0.9997961282266884,0.0,-4.975725880607129e-05,-1.1102230246251565e-16,-1.1102230246251565e-16,0.0,True,isolate_pack_prefilled_store_meta,4.0,4.0,4.0,4.0,0.0,0.0,176058.99403110557,176058.99403110557,174669.48355483537,0,19,0.0,1402.8975902142993,,max_buy_usd,{},"{""buy_vol_usd_60s"":{""live"":174669.48355483537,""store"":176058.99403110557,""d"":-1389.5104762701958},""buy_vol_first_10s"":{""live"":174669.48355483537,""store"":176058.99403110557,""d"":-1389.5104762701958},""buy_vol_first_5s"":{""live"":174669.48355483537,""store"":176058.99403110557,""d"":-1389.5104762701958},""buy_vol_usd_15m"":{""live"":174669.48355483537,""store"":176058.9940311056,""d"":-1389.510476270225},""buy_vol_usd_30s"":{""live"":174669.48355483537,""store"":176058.9940311056,""d"":-1389.510476270225},""buy_vol_usd_total"":{""live"":174669.48355483537,""store"":176058.9940311056,""d"":-1389.510476270225},""first10_buy_vol_usd"":{""live"":174669.48355483537,""store"":176058.99403110557,""d"":-1389.5104762701958},""first5_buy_vol_usd"":{""live"":174669.48355483537,""store"":176058.99403110557,""d"":-1389.5104762701958},""first_buy_usd"":{""live"":164420.7524097857,""store"":165823.65,""d"":-1402.8975902142993},""max_buy_share"":{""live"":0.9413250045945648,""store"":0.941864122946782,""d"":-0.0005391183522172049},""max_buy_sol"":{""live"":1381.215415018,""store"":1395.0,""d"":-13.78458498200007},""max_buy_usd"":{""live"":164420.7524097857,""store"":165823.65,""d"":-1402.8975902142993},""net_sol_curve"":{""live"":85.00664429700001,""store"":85.005359057,""d"":0.0012852400000014086},""net_sol_total"":{""live"":1467.309811464,""store"":1481.105359057,""d"":-13.795547593000038},""progress_curve_proxy"":{""live"":1.0000781682000002,""store"":1.000063047729412,""d"":1.5120470588270152e-05},""top1_buyer_vol_share"":{""live"":0.9419982447264592,""store"":0.9425392943610807,""d"":-0.0005410496346215377},""creator_prior_mints_7d"":{""live"":0.0,""store"":4.0,""d"":-4.0},""creator_prior_mints_30d"":{""live"":0.0,""store"":4.0,""d"":-4.0},""creator_prior_mints_cohort"":{""live"":0.0,""store"":4.0,""d"":-4.0}}",pyth_asof,n200_recovery,True,True
56ofoyzfMaGwzgeeTsTchJuVM8Trx5GHhW9pxh9Jpump,56ofoyzfMaGw…,3,3,3.0,True,0.9998458854854944,0.9998458854854945,0.9998458854854945,0.9998458854854945,0.9997961282266884,0.0,-4.975725880607129e-05,-1.1102230246251565e-16,-1.1102230246251565e-16,0.0,True,isolate_pack_prefilled_store_meta,4.0,4.0,4.0,4.0,0.0,0.0,185761.23006433147,185761.23006433147,184616.36633482904,0,19,0.0,1176.1157721055788,,max_buy_usd,{},"{""buy_vol_usd_60s"":{""live"":184616.36633482904,""store"":185761.23006433147,""d"":-1144.8637295024237},""buy_vol_first_10s"":{""live"":184616.36633482904,""store"":185761.2300643315,""d"":-1144.8637295024528},""buy_vol_first_5s"":{""live"":184616.36633482904,""store"":185761.2300643315,""d"":-1144.8637295024528},""buy_vol_usd_15m"":{""live"":184616.36633482904,""store"":185761.2300643315,""d"":-1144.8637295024528},""buy_vol_usd_30s"":{""live"":184616.36633482904,""store"":185761.2300643315,""d"":-1144.8637295024528},""buy_vol_usd_total"":{""live"":184616.36633482904,""store"":185761.2300643315,""d"":-1144.8637295024528},""first10_buy_vol_usd"":{""live"":184616.36633482904,""store"":185761.2300643315,""d"":-1144.8637295024528},""first5_buy_vol_usd"":{""live"":184616.36633482904,""store"":185761.2300643315,""d"":-1144.8637295024528},""first_buy_usd"":{""live"":174473.4642278944,""store"":175649.58,""d"":-1176.1157721055788},""max_buy_share"":{""live"":0.9450595724079036,""store"":0.9455664130732246,""d"":-0.0005068406653210289},""max_buy_sol"":{""live"":1479.237154149,""store"":1494.0,""d"":-14.762845851000066},""max_buy_usd"":{""live"":174473.4642278944,""store"":175649.58,""d"":-1176.1157721055788},""net_sol_curve"":{""live"":85.00664429700001,""store"":85.005359057,""d"":0.0012852400000014086},""net_sol_total"":{""live"":1565.231650297,""store"":1580.005359057,""d"":-14.77370876000009},""progress_curve_proxy"":{""live"":1.0000781682000002,""store"":1.000063047729412,""d"":1.5120470588270152e-05},""top1_buyer_vol_share"":{""live"":0.9456906942299116,""store"":0.9461993223189228,""d"":-0.0005086280890111983},""creator_prior_mints_7d"":{""live"":0.0,""store"":5.0,""d"":-5.0},""creator_prior_mints_30d"":{""live"":0.0,""store"":5.0,""d"":-5.0},""creator_prior_mints_cohort"":{""live"":0.0,""store"":5.0,""d"":-5.0}}",pyth_asof,n200_recovery,True,True
