mint,tx_sig_prefix,tx_sig,ts,t0_ts,helius_source,side,sol_amt_helius_net,sol_amt_x_1_01_gross,pyth_asof,pyth_publish_time,pyth_lag_s_vs_t0,sol_usd_source,amount_usd_path_a_net,amount_usd_path_a_gross_1pct,dune_implied_usd_per_sol,amount_usd_est_dune_sol_x_implied,train_max_buy_sol,train_max_buy_usd,note
2hCEWYZcFZNWV59a6Coyo3czTa9MMpdjxnVhXagjpump,2qTzpLaffC9WndDc,2qTzpLaffC9WndDcqN8aM5HMsXcFgcr2eyaG5YiGZdhHkMn4jCkMq1QiBe3GrbCzcEPTty9Vi2qKJg7dobyy6yVF,2026-09-22T01:41:06.000Z,2026-09-22T01:41:06.000Z,PUMP_FUN,buy,29.629629628,29.92592592428,117.7543759,1790041266,0,pyth_asof,3489.018544993289,3523.9087304432223,117.58,3483.85185166024,64.773293472,7616.04384643776,
2hCEWYZcFZNWV59a6Coyo3czTa9MMpdjxnVhXagjpump,2qTzpLaffC9WndDc,2qTzpLaffC9WndDcqN8aM5HMsXcFgcr2eyaG5YiGZdhHkMn4jCkMq1QiBe3GrbCzcEPTty9Vi2qKJg7dobyy6yVF,2026-09-22T01:41:06.000Z,2026-09-22T01:41:06.000Z,PUMP_FUN,buy,24.758445483,25.00602993783,117.7543759,1790041266,0,pyth_asof,2915.415296104839,2944.5694490658875,117.58,2911.0980198911398,64.773293472,7616.04384643776,
2hCEWYZcFZNWV59a6Coyo3czTa9MMpdjxnVhXagjpump,4t3XKdmUDW1MkZjQ,4t3XKdmUDW1MkZjQai11f7JwCaKD7tBEoFYRw4fE3ueLZ2nnNppPaRvtaoQ2dJ5nB8vMVuJDDpQLqfwkSRjz4Quw,2026-09-22T01:41:06.000Z,2026-09-22T01:41:06.000Z,PUMP_FUN,buy,9.876543208,9.97530864008,117.7543759,1790041266,0,pyth_asof,1163.006181507424,1174.636243322498,117.58,1161.28395039664,64.773293472,7616.04384643776,
2hCEWYZcFZNWV59a6Coyo3czTa9MMpdjxnVhXagjpump,4t3XKdmUDW1MkZjQ,4t3XKdmUDW1MkZjQai11f7JwCaKD7tBEoFYRw4fE3ueLZ2nnNppPaRvtaoQ2dJ5nB8vMVuJDDpQLqfwkSRjz4Quw,2026-09-22T01:41:06.000Z,2026-09-22T01:41:06.000Z,PUMP_FUN,buy,19.753086418,19.950617282179998,117.7543759,1790041266,0,pyth_asof,2326.0123632503564,2349.27248688286,117.58,2322.56790102844,64.773293472,7616.04384643776,
2hCEWYZcFZNWV59a6Coyo3czTa9MMpdjxnVhXagjpump,xWGrzEKU7htKsUiE,xWGrzEKU7htKsUiEcdY9Yg3Drf1uqV4kJcoXLdu2BUoZrB5MmcNV2TQpiUxMvKYahx7s8t5JtLqwsUct8ZugUxs,2026-09-22T01:41:06.000Z,2026-09-22T01:41:06.000Z,PUMP_FUN,buy,0.98907164,0.9989623564000001,117.7543759,1790041266,0,pyth_asof,116.46751368858948,117.63218882547538,117.58,116.2950434312,64.773293472,7616.04384643776,
2hCEWYZcFZNWV59a6Coyo3czTa9MMpdjxnVhXagjpump,2SBSMPFqpmTTtks2,2SBSMPFqpmTTtks2HiCYecbvpLYoHWSZbNGJu9NS5druizDuGyViR2vm99NYWGkRdiYwDFHEhPPt6GeELuXxt7xB,2026-09-22T01:41:06.000Z,2026-09-22T01:41:06.000Z,PUMP_AMM,buy,64.786248131,65.43411061231,117.7543759,1790041266,0,pyth_asof,7628.864215568446,7705.15285772413,117.58,7617.567055242979,64.773293472,7616.04384643776,closest_to_train_max_buy
4M3gYZ2dQ39KuBuJYVmQi5qrtFfMpMWHpJhhx7Wapump,uVaEUtPv3Caesb5n,uVaEUtPv3Caesb5nJoFA46AtR4mFh7BiHXsUC8XjmrjSsYENX1WgEjjLptdMMrTWjyMuFEq8bRRdZdxEMeiYtXF,2026-09-22T07:03:04.000Z,2026-09-22T07:03:04.000Z,PUMP_FUN,buy,85.006644297,85.85671073997,116.48570699,1790060584,0,pyth_asof,9902.059059783496,10001.07965038133,116.52000000000001,9904.97419348644,2888.0,336509.76,
4M3gYZ2dQ39KuBuJYVmQi5qrtFfMpMWHpJhhx7Wapump,66Mg6L2a9wwdhfMb,66Mg6L2a9wwdhfMbBWeTqQvjsP589o7AWSXNcT2iCxuexZehe4tkdui22acEETs6tPkHubAcZaXSY8DBL9xSKGtR,2026-09-22T07:03:04.000Z,2026-09-22T07:03:04.000Z,PUMP_AMM,buy,2859.462450592,2888.05707509792,116.48570699,1790060584,0,pyth_asof,333086.50516856706,336417.3702202527,116.52000000000001,333184.5647429799,2888.0,336509.76,closest_to_train_max_buy; matches_train_max_buy_sol_if_1pct_fee_gross
BZofTtkyrBM2EDdRBN6GCavdWvxd61xbLTVFnoPgpump,nidsyNEk3NpumPZc,nidsyNEk3NpumPZc2WKYx3zx13hsM1rMk18XgvAtr55dgir3QYBnQdp1bQ5LKqam9Qpe8tsV6b7cvrB615cpQZA,2026-09-22T15:29:59.000Z,2026-09-22T15:29:59.000Z,PUMP_FUN,buy,85.006644297,85.85671073997,117.36915302,1790090999,0,pyth_asof,9977.157842211303,10076.929420633416,116.94000000000001,9940.67698409118,160.0,18710.4,
BZofTtkyrBM2EDdRBN6GCavdWvxd61xbLTVFnoPgpump,5B8Z3yt4nvGFU9cC,5B8Z3yt4nvGFU9cC3Uk7VQyC5BnDnTyG4Zf5XiJczLbs2kbq9HmLPwYBTTzPZNhNBBegxcyyc94yDqBCYG3iyPYR,2026-09-22T15:29:59.000Z,2026-09-22T15:29:59.000Z,PUMP_AMM,buy,0.019821957,0.020020176570000003,117.36915302,1790090999,0,pyth_asof,2.3264863042888604,2.349751167331749,116.94000000000001,2.3179796515800004,160.0,18710.4,
BZofTtkyrBM2EDdRBN6GCavdWvxd61xbLTVFnoPgpump,531cxHbK7X7SiqMd,531cxHbK7X7SiqMdPa25tBaAK9qbbFocvEw4Q6peiwrqoKHDH2Qp5D1Sd7jEkdeTF7dZs9AKJcUFKGP5anQ55fjh,2026-09-22T15:29:59.000Z,2026-09-22T15:29:59.000Z,PUMP_AMM,buy,158.418972331,160.00316205431,117.36915302,1790090999,0,pyth_asof,18593.500604788285,18779.435610836168,116.94000000000001,18525.514624387142,160.0,18710.4,closest_to_train_max_buy; matches_train_max_buy_sol_if_1pct_fee_gross
