mint,t0_ts,mc_usd_t0,score,score_mode,rank_at_entry,entered_at
VYPJyPzQUmeo3z9qM6rMnfLoTzgtXjfvQgaTBqXiPCu,2026-10-01T08:23:01.113+00:00,11719.253052433487,48913.666,rule_buy60,1,2026-10-01T10:23:01.126+02:00
4gNVcCUq1CmKhcnakR8s17tCMH4y1dqwE9QrjCxipump,2026-10-01T08:23:01.113+00:00,10157.224096474238,33649.634,rule_buy60,2,2026-10-01T10:23:01.127+02:00
27PYvsbwEh59GEvD5AHNiEMHasFouZ9soQrvwjuipump,2026-10-01T08:23:01.113+00:00,11948.99232359603,31497.684,rule_buy60,3,2026-10-01T10:23:01.127+02:00
GXmVLEvmsJR21piR7JPYsg9drMZ9FYt6aw1JzDzTpump,2026-10-01T08:23:01.113+00:00,8162.523045029957,30642.886,rule_buy60,4,2026-10-01T10:23:01.128+02:00
2reFD2udKpywbauM2BLnvhTJK8Pv5UVk5q1pbRPZpump,2026-10-01T08:23:01.113+00:00,8522.51559990691,29977.369,rule_buy60,5,2026-10-01T10:23:01.129+02:00
DmfgwtWeQp3ePwFxbdwZgKTZKNY9voxHyWYh9fycpump,2026-10-01T08:23:01.113+00:00,15266.969057847746,24822.798,rule_buy60,6,2026-10-01T10:23:01.130+02:00
5jwgG42npcRg7xV436DruCnB9fTLUqQ2LezYMqGApump,2026-10-01T08:23:01.113+00:00,8868.914846971165,14291.459,rule_buy60,7,2026-10-01T10:23:01.130+02:00
5yivTC18j3ZTzFZF4RHRWBzqgPPMN5vuEkv77GPEXgqg,2026-10-01T08:23:01.113+00:00,16959.792684635082,10354.052,rule_buy60,8,2026-10-01T10:23:01.131+02:00
AsXk3euRGFgCapCADUkqrJksWkjSmtjSy2vTKWsTCj2w,2026-10-01T08:23:01.113+00:00,10265.53309202427,9746.239,rule_buy60,9,2026-10-01T10:23:01.132+02:00
68KKH9TQo8Cu5v33DhLh2HYXCJCE5TXZHKCFXSg2pump,2026-10-01T08:23:01.113+00:00,9129.933459917083,6692.388,rule_buy60,10,2026-10-01T10:23:01.133+02:00
6fAUjH37RajutbJvGGaGxBKhgCWP3Ce2VjV9QGz3pump,2026-10-01T08:23:01.191+00:00,8017.374937538045,48729.94,rule_buy60,1,2026-10-01T10:23:01.201+02:00
9XfpZm62wSzbN6XCpu3bM4HbTHwzPYEKhqnEh3vHpump,2026-10-01T08:23:01.191+00:00,18430.657761391336,45537.977,rule_buy60,2,2026-10-01T10:23:01.203+02:00
BgHzuqmeQDpjcBTr8AeWt8gxotPBp8xAcuHPFSv2pump,2026-10-01T08:23:01.191+00:00,19444.34188771993,25061.428,rule_buy60,3,2026-10-01T10:23:01.204+02:00
9hxkgL5iNeNPP11cv4Ng9W3qL6qVD6nzvpbxeqT7pump,2026-10-01T08:23:01.191+00:00,15699.286450399086,24644.471,rule_buy60,4,2026-10-01T10:23:01.205+02:00
5AMVPbnquEufU2vX98gb6X5e7uGkffQsjKyxog1Kpump,2026-10-01T08:23:01.191+00:00,11357.394728522888,21997.804,rule_buy60,5,2026-10-01T10:23:01.206+02:00
BM2nGjzwTAmZpBSwZFUfcPwDjak2EKTsVbQjQkKppump,2026-10-01T08:23:01.191+00:00,16354.830222553574,20416.472,rule_buy60,6,2026-10-01T10:23:01.206+02:00
2D7HMuxmReiXNxZWY5ysujjZMQB1gV6CyQuwT7Uppump,2026-10-01T08:23:01.191+00:00,15945.855921017937,12358.546,rule_buy60,7,2026-10-01T10:23:01.208+02:00
92SQ1QwLTMktFeFom4sK4X6FTfX6PWHcr2PntZ5vpump,2026-10-01T08:23:01.191+00:00,19334.533135406673,6586.942,rule_buy60,8,2026-10-01T10:23:01.208+02:00
Fs5s6CM2B8Eym5deiB6jK3o6MXMsdaVVbgeLNM2Apump,2026-10-01T08:23:01.191+00:00,10677.719072021671,5688.436,rule_buy60,9,2026-10-01T10:23:01.210+02:00
Ft77Mzda3V4aNPryabgRQKsukkAEEiHjUrjV1fRxpump,2026-10-01T08:23:01.191+00:00,18866.183381760493,4069.687,rule_buy60,10,2026-10-01T10:23:01.211+02:00
6zzzG49KX5nksnqfogs31dwoMYSHaJXkropKbv1QZVga,2026-10-01T08:43:14.008+00:00,17312.38080537878,0.13685828651109452,histgb_q5b,1,2026-10-01T10:43:16.940+02:00
EGWc19W32sbX2amELoQMSMWXNBzehF9mLWcQLxrBpump,2026-10-01T08:43:14.008+00:00,9168.469659925904,0.09950494452353704,histgb_q5b,2,2026-10-01T10:43:16.941+02:00
EC1eBL3b16AN6zb26RcrE5CEnhuiUZR44NmR2Nqjpump,2026-10-01T08:43:14.008+00:00,19494.169464451243,0.0799727210592618,histgb_q5b,3,2026-10-01T10:43:16.943+02:00
CNmJsbKdT85twh17TZWNfoq14pCuF1BWwF4T7yARpump,2026-10-01T08:43:14.008+00:00,13361.091987462714,0.07919945499319049,histgb_q5b,4,2026-10-01T10:43:16.944+02:00
73c42RMe7zMRLgBBpyzsUdsxzDovTJJ8iDeZwJwupump,2026-10-01T08:43:14.008+00:00,9357.782801089343,0.07276201956006702,histgb_q5b,5,2026-10-01T10:43:16.947+02:00
Bd5nYRmvZnGy69qxzDfVqEGyKBwfGMJsRELqz2ySDNUo,2026-10-01T08:43:14.008+00:00,13230.495824245709,0.07081609476559787,histgb_q5b,6,2026-10-01T10:43:16.948+02:00
KzPw94WEpUVFgSntAJxXqzhddDWBbrwbbLx1v2E7Knt,2026-10-01T08:43:14.008+00:00,16670.857803546824,0.07029681470951546,histgb_q5b,7,2026-10-01T10:43:16.949+02:00
AXb4kBBEJxJbZnvdoUNicmmLS9NNEVLZ4riUuYZTuDBX,2026-10-01T08:43:14.008+00:00,8172.5456766434945,0.06412686272098955,histgb_q5b,8,2026-10-01T10:43:16.950+02:00
zXxjDEDrm4ofdWPryF5wGWXQMshKhBSwE4GL1EYpump,2026-10-01T08:43:14.008+00:00,11750.425983336754,0.06248085171074744,histgb_q5b,9,2026-10-01T10:43:16.973+02:00
r1tDEx4x8YK3hA1F8TuieifffcRSWFxGxUJ9XJEuDh4,2026-10-01T08:43:14.008+00:00,8016.231731744483,0.058228726456729246,histgb_q5b,10,2026-10-01T10:43:16.974+02:00
CaMXT8h56YcN639gsagenXyXY3gjGNXTAoJL3qZm4jkR,2026-10-01T08:43:14.008+00:00,17400.590877513914,0.05815078883035053,histgb_q5b,11,2026-10-01T10:43:16.976+02:00
HqKGbna4AyHQKN23yoDd5yfTC3p81dmutuDVATBvpump,2026-10-01T08:43:14.008+00:00,8295.320185425226,0.054497597344507195,histgb_q5b,12,2026-10-01T10:43:16.977+02:00
Bx4TD84C99mjr6e6m8keqHGPVpturprYSvciWssuefXi,2026-10-01T08:43:14.008+00:00,8225.688361562788,0.052768108612178025,histgb_q5b,13,2026-10-01T10:43:16.979+02:00
9cXPP6qBmAEMUzxh96YkRzkzFP1p1ChMsxwi887npump,2026-10-01T08:43:14.008+00:00,11163.18890126422,0.05003795565859852,histgb_q5b,14,2026-10-01T10:43:16.980+02:00
2LcmEsbggUo5xbJcw8vPDveDjA4z2PqV3QbeWssXpump,2026-10-01T08:43:14.008+00:00,14205.159459379502,0.04799693445596462,histgb_q5b,15,2026-10-01T10:43:16.981+02:00
27x37KmyRQJRVrD3cra6iEdpDcME4vPKziDXkb9xpump,2026-10-01T08:43:14.008+00:00,15972.493201843448,0.045924924729566385,histgb_q5b,16,2026-10-01T10:43:16.982+02:00
H2p4YcNmyQQ6dBPVv978a9LjpVPatRm2CQ3SedrXpump,2026-10-01T08:43:14.008+00:00,11067.148989241105,0.04553648047252932,histgb_q5b,17,2026-10-01T10:43:16.983+02:00
BkzU1zCy339CYjVpSfVq5NwhVhz3UEcCrALvHKme7yka,2026-10-01T08:43:14.008+00:00,10518.108212653735,0.04269436346361103,histgb_q5b,18,2026-10-01T10:43:16.984+02:00
79MiUVB4XqCaZs2Tk9fw9qoUHcYWpWvyC1qvgivWpump,2026-10-01T08:43:14.008+00:00,9183.48268896807,0.03710085510262997,histgb_q5b,19,2026-10-01T10:43:16.985+02:00
8KVEK7Efvafp5Ryx5orMtTqPiqH2JEReWLc8xj6Xpump,2026-10-01T08:43:14.008+00:00,9846.49159363471,0.03635695015410529,histgb_q5b,20,2026-10-01T10:43:16.986+02:00
9g7ZqFw3AzghEi12NgisJQVYJ6o1sTKyvZKygMpwpump,2026-10-01T08:43:50.149+00:00,19582.661479944363,0.13294415040891905,histgb_q5b,1,2026-10-01T10:43:52.351+02:00
56TARN6YWsxHE5qgR54zCwNhRssc6Jk3Sb7f2jRHpump,2026-10-01T08:43:50.149+00:00,11992.725376330782,0.06328416997410824,histgb_q5b,2,2026-10-01T10:43:52.352+02:00
3qgd3piizrUN4rJ2XNJry1cZb1DYGSEPv1HKpqV5pump,2026-10-01T08:44:19.292+00:00,8050.036740314681,0.06903262830756016,histgb_q5b,1,2026-10-01T10:44:22.026+02:00
EGw4QGiFrsygwzWj56G3Pe4eFcgwmBPmchgK9CP2pump,2026-10-01T08:44:19.292+00:00,8136.663382174447,0.06047988862780355,histgb_q5b,2,2026-10-01T10:44:22.027+02:00
Agh3LAvkha6ga4uiHUs42w7KkXErrtZbSjv8PrY2pump,2026-10-01T08:44:19.292+00:00,8688.248271937482,0.03706320122543348,histgb_q5b,3,2026-10-01T10:44:22.028+02:00
ACjtdeAuRbHb84AJdgoUwTnrMdB9jYARxGKB1mgUpump,2026-10-01T08:44:19.292+00:00,9463.50337471813,0.033821359785438807,histgb_q5b,4,2026-10-01T10:44:22.029+02:00
GFbwo75rzVC4XxBDh5DJgPUybJLkYkfDxh9D7hRYpump,2026-10-01T08:44:19.292+00:00,13346.32088401122,0.022807745131024727,histgb_q5b,5,2026-10-01T10:44:22.030+02:00
2sYmPMo4iJaVBHKF7bvHHU8skDJnyHHPQNDD6JoUpump,2026-10-01T08:45:02.667+00:00,8340.14736028621,0.07892287152904381,histgb_q5b,1,2026-10-01T10:45:04.878+02:00
DV8WPt5mPkhtH1CC9Qe6NgYMsyw16sMBUTx3YTTogift,2026-10-01T08:45:36.067+00:00,19829.76755243726,0.8861422378690447,histgb_q5b,1,2026-10-01T10:45:38.613+02:00
Ayru4yU7xbPb1gaqegJcxQJNAz3sZBoqpBMnDQ7Vpump,2026-10-01T08:45:36.067+00:00,8373.525815841276,0.09357878899353685,histgb_q5b,2,2026-10-01T10:45:38.614+02:00
GeGbkLTqwg1gqp6kJrFf3A6sCHyTKf6Rt9VGhh3Gpump,2026-10-01T08:45:36.067+00:00,9570.580914441962,0.07873521223520676,histgb_q5b,3,2026-10-01T10:45:38.615+02:00
A5sz7bCq4ZRyEctug1kuoiG4Go6cMoRQo2jbKVqZjDZW,2026-10-01T08:45:36.067+00:00,8251.136023318395,0.07815693625658814,histgb_q5b,4,2026-10-01T10:45:38.616+02:00
5aJmrWcYBt8qCpqrv4m91Q62bwxfrtdX18H3ZD7Qv4SM,2026-10-01T08:45:36.067+00:00,9683.070857136045,0.04016966262112211,histgb_q5b,5,2026-10-01T10:45:38.618+02:00
EgJPtRrBv8k5imwuxLvm9jLX4QTHyzCp1RdQZMNEpump,2026-10-01T08:45:36.067+00:00,8501.603588229045,0.02940519340591388,histgb_q5b,6,2026-10-01T10:45:38.619+02:00
6Eo9Zy8mF2BgVVb1VZVmQGr9dTujCpyiX5q9miYVpump,2026-10-01T08:45:36.067+00:00,11428.01465903176,0.02297784218679001,histgb_q5b,7,2026-10-01T10:45:38.620+02:00
2XU6sMtJL3dK2bDPMa5gnt6LD9GbsT2zHtepyNwMpump,2026-10-01T08:46:13.699+00:00,8091.238669294398,0.05539549524048131,histgb_q5b,1,2026-10-01T10:46:16.180+02:00
BvPVRiXz9Qw5bon857g9RbWqBNPVEv9k2ipLT1cxpump,2026-10-01T08:46:13.699+00:00,8309.197255584877,0.044212350027875345,histgb_q5b,2,2026-10-01T10:46:16.183+02:00
HiXft8MEUqqxnCMUnBF8bxwTeKTYHR2Kz7dqceDDpump,2026-10-01T08:46:13.699+00:00,8422.789505857509,0.019072976753815342,histgb_q5b,3,2026-10-01T10:46:16.184+02:00
GfV1EQ7HxrXAw5po6sJUEMNrwdnPRDM3tHtnL3awpump,2026-10-01T08:46:53.185+00:00,8004.6947914524935,0.12439509085583392,histgb_q5b,1,2026-10-01T10:46:55.521+02:00
D5zsFaHwxUDmVekCwz7fzDkN3gStAoEr8FktdbRbpump,2026-10-01T08:46:53.185+00:00,9094.19668460032,0.044899689804415784,histgb_q5b,2,2026-10-01T10:46:55.521+02:00
6UaLVCjZKCPE7zz6xPxeSgngM3kvmNPQ6XKuPfGGpump,2026-10-01T08:46:53.185+00:00,10202.495104749687,0.02526596889377554,histgb_q5b,3,2026-10-01T10:46:55.523+02:00
DWyQu5e5SZnf9KkwUv6vsT1bcqHYigUzyy7huxvWpump,2026-10-01T08:47:31.312+00:00,9647.019396652468,0.08627624569552336,histgb_q5b,1,2026-10-01T10:47:33.797+02:00
4Jodx3ToNidzv6UxHw5xNtVhccnWwhJczL58qgUHYcBJ,2026-10-01T08:47:31.312+00:00,15361.237889093938,0.0794207905339641,histgb_q5b,2,2026-10-01T10:47:33.800+02:00
GNSVBpfPjDBAxyZ8rPAhsNrZhk1qarqxeEEL2Rgzpump,2026-10-01T08:47:31.312+00:00,11401.58565249294,0.05249799800682329,histgb_q5b,3,2026-10-01T10:47:33.802+02:00
6gsyQYutA268vqeVAn1oFcUz8fCWUSQYKDvNuSc7pump,2026-10-01T08:47:31.312+00:00,8700.871148903389,0.050796868579357425,histgb_q5b,4,2026-10-01T10:47:33.803+02:00
5biq81HYHEZfnZ4M7h3C4APtyQpDZU9qvZ6HRRnEpump,2026-10-01T08:47:31.312+00:00,10594.134437269531,0.02299629682011725,histgb_q5b,5,2026-10-01T10:47:33.805+02:00
9GgNC39EmMU5uVyWkdRSKcgXxo5pgx32urXHpytKpump,2026-10-01T08:48:00.441+00:00,8107.529538392555,0.09455590105844248,histgb_q5b,1,2026-10-01T10:48:03.159+02:00
2PKnVvLjJFChVtnXWAtqzDG7WUMEdNj4TkGaTh7apump,2026-10-01T08:48:00.441+00:00,8136.7743405280635,0.0640958727664328,histgb_q5b,2,2026-10-01T10:48:03.161+02:00
9VWHR15FJV1sMKdLQB4oyhhtyq6FHeTLFVA8nrdWpump,2026-10-01T08:48:00.441+00:00,8473.88946567662,0.03806511910060901,histgb_q5b,3,2026-10-01T10:48:03.162+02:00
GjXFxoq1RjdEqK8bYTzFCtvxEpuPu56utF88pGM7pump,2026-10-01T08:48:00.441+00:00,8631.63859321503,0.03302880993676254,histgb_q5b,4,2026-10-01T10:48:03.163+02:00
4THHkD2iWot4h1WjU1xF1B7axVrqzXmSPwyZeYr8pump,2026-10-01T08:48:39.432+00:00,10669.033144949935,0.0714806066475058,histgb_q5b,1,2026-10-01T10:48:41.935+02:00
4aPPSr8UMV1KNcjtBnUKPZJbbxCRcnchwHKfocHWpump,2026-10-01T08:48:39.432+00:00,8528.427315468434,0.05047646102835515,histgb_q5b,2,2026-10-01T10:48:41.936+02:00
9PiE8KSa5EnhYgV7ZzpEa7TyNgkZ3LzLwd6oUi6Kpump,2026-10-01T08:48:39.432+00:00,8252.086445281748,0.03198975437601898,histgb_q5b,3,2026-10-01T10:48:41.937+02:00
E7RPjc25KS22LFMgXKjwqZxK5WVwdGRKaUQRuVX6fWsY,2026-10-01T08:49:02.767+00:00,14819.436843764102,0.08005437863248807,histgb_q5b,1,2026-10-01T10:49:05.417+02:00
59zfPwpdVGoBfaqSvoyjWAMifpv5huvaTjLaAabZpump,2026-10-01T08:49:02.767+00:00,9499.734005657956,0.06392020538856988,histgb_q5b,2,2026-10-01T10:49:05.418+02:00
DZ4hBjxbSJrCNB2SVi96UrRNHPaaHKSrxsMP9HE698ro,2026-10-01T08:49:02.767+00:00,10431.905138830189,0.054151873798310345,histgb_q5b,3,2026-10-01T10:49:05.419+02:00
3L5zPifmJRJ2oixcdTw2EBXnPSka144w5ZJqGFuApump,2026-10-01T08:49:02.767+00:00,8371.502190129831,0.030877926425934916,histgb_q5b,4,2026-10-01T10:49:05.420+02:00
3y8zgqoCqMyTWJwjumkYNxgT3Jr4EUmGVy6XEcd5pump,2026-10-01T08:49:02.767+00:00,9231.776857632212,0.016440801049062946,histgb_q5b,5,2026-10-01T10:49:05.421+02:00
62JEzmQYBfQfj5UNuGKQwYpwhWZJAC8Pncotork1pump,2026-10-01T08:49:44.114+00:00,9060.522643267177,0.11664777641313277,histgb_q5b,1,2026-10-01T10:49:46.652+02:00
AsKx4c4ppZ8RQN4bXH6kaY5SBAcdpwjhYAFPtPavpump,2026-10-01T08:49:44.114+00:00,14611.249753215816,0.059758691039574784,histgb_q5b,2,2026-10-01T10:49:46.653+02:00
3TC7Heij3wj78rJRdWMoH5VPKy98cf6UtsoJFaD3pump,2026-10-01T08:49:44.114+00:00,11777.223335229792,0.02016285842479081,histgb_q5b,3,2026-10-01T10:49:46.654+02:00
5XEAPbovh3zos4b2LKR525nWiEX5spSmLAW7MfYpnrpm,2026-10-01T08:50:21.833+00:00,8317.177162081598,0.03211143247952639,histgb_q5b,1,2026-10-01T10:50:24.450+02:00
EuCJSuUX7pYFSFwbqFLHxT6dEuRuyB2C7RuoxNQhpump,2026-10-01T08:50:21.833+00:00,9570.746442477684,0.031251348588014996,histgb_q5b,2,2026-10-01T10:50:24.453+02:00
Ca8zGqDQtn8vGcdrWRAgqMN2GxFz1pQeDJFRWfCVpump,2026-10-01T08:50:21.833+00:00,11205.343071196694,0.028194857287013927,histgb_q5b,3,2026-10-01T10:50:24.454+02:00
9tJ4EGWAJi2Szs6buxSxuh9Hzrqc89ytQr45wiwipump,2026-10-01T08:50:21.833+00:00,8149.430868797936,0.0187835046096564,histgb_q5b,4,2026-10-01T10:50:24.455+02:00
ATab7iuMHBz1t5QF6E5cV7Qg3CWn6yDgNqtDQorbpump,2026-10-01T08:51:04.888+00:00,8215.483831008896,0.06525659754530672,histgb_q5b,1,2026-10-01T10:51:07.614+02:00
39AcvLK1MBEZkQfaJRiyXMXSHkco2hoHbEqzvzLApump,2026-10-01T08:51:04.888+00:00,8314.213118865155,0.0409058451771927,histgb_q5b,2,2026-10-01T10:51:07.615+02:00
3yvPSorxkW5vG4RrepmaWUcydnPxR3Qtpns9x9FRpump,2026-10-01T08:51:04.888+00:00,12100.482308596838,0.03647802338554063,histgb_q5b,3,2026-10-01T10:51:07.616+02:00
BooAfw8YwhDxKrKJ5P25QdTjDD3PsfhJSJvcQoPnpump,2026-10-01T08:51:04.888+00:00,10095.80500976881,0.029505553712316692,histgb_q5b,4,2026-10-01T10:51:07.618+02:00
mssMu9LKPrdJwqvqQQ6Nfjn78yfW6hVga4bCbtLpump,2026-10-01T08:51:04.888+00:00,10539.341928961221,0.015037456795861869,histgb_q5b,5,2026-10-01T10:51:07.620+02:00
3doNysdmqqku5WtggoCjw9wd3VPXTV1wwM27NrgRpump,2026-10-01T08:51:43.402+00:00,8010.834790184163,0.0730435195998814,histgb_q5b,1,2026-10-01T10:51:45.964+02:00
Fj17TsdcBSw2BSCjqy55fvHYQbTj3mnUWaQrmaPXpump,2026-10-01T08:51:43.402+00:00,8027.662261156365,0.05649804312470922,histgb_q5b,2,2026-10-01T10:51:45.965+02:00
3HvjhdGZPpiAowWH6EXhpPeyJYkcfSrSpmXE3zxSpump,2026-10-01T08:51:43.402+00:00,8589.34254210908,0.03984569350345334,histgb_q5b,3,2026-10-01T10:51:45.966+02:00
2GU6JT1zpigtYAk3vAVwdrvHuzbPkUSxrUkHHGpGpump,2026-10-01T08:51:43.402+00:00,8132.0240497007035,0.03276986826016691,histgb_q5b,4,2026-10-01T10:51:45.967+02:00
An39gVcNZ7rsWGRHrrtfBqw14tPmdhuBPesiDfs5pump,2026-10-01T08:51:43.402+00:00,16745.359971537255,0.015099252836660249,histgb_q5b,5,2026-10-01T10:51:45.969+02:00
EaGBtZJ76EZ7csjbgmzEzmWYTYTDUR8VsgmhnHB3pump,2026-10-01T08:51:43.402+00:00,12360.886103124358,0.01407535318631319,histgb_q5b,6,2026-10-01T10:51:45.970+02:00
GxbJcUcq28PB4Jme7oWGbhHs1sUrAU3P5LwHW6gipump,2026-10-01T08:52:25.999+00:00,17005.482732201926,0.08785297461144755,histgb_q5b,1,2026-10-01T10:52:28.704+02:00
2bN3BWx5ZqUTAd5qzRHa5htqh2rpR9b8q6r9S3BCpump,2026-10-01T08:52:25.999+00:00,12568.52010556031,0.06823970591184605,histgb_q5b,2,2026-10-01T10:52:28.705+02:00
AChp6dJKCumJZmdK4ouZCmo4Pvtg63ZCJmqYiJpqpump,2026-10-01T08:52:25.999+00:00,8154.617717082147,0.0647848065342526,histgb_q5b,3,2026-10-01T10:52:28.708+02:00
2SVkGBPF3f7zfp7v7SiSf6PSnN6DEKbCDbSo7QNkpump,2026-10-01T08:52:25.999+00:00,8134.239578794222,0.04398106537226245,histgb_q5b,4,2026-10-01T10:52:28.710+02:00
EhQyoKqnjUwn1MbcEHfp7PhrFJZpTJvnu3sgxEW8pump,2026-10-01T08:52:25.999+00:00,8602.175512351096,0.03828791933072896,histgb_q5b,5,2026-10-01T10:52:28.711+02:00
7aZRnrNL5vYdqmKKHUeWgbrs4T9ePFpfsrhYom6Npump,2026-10-01T08:52:25.999+00:00,9167.064490611665,0.026465121833798986,histgb_q5b,6,2026-10-01T10:52:28.712+02:00
93Xkc7kmST5qW7DBRUaGy3qZQYuS3zHkjW6EHiyXpump,2026-10-01T08:52:25.999+00:00,9966.310244635679,0.01700463377713416,histgb_q5b,7,2026-10-01T10:52:28.713+02:00
7hbRB2XwmEsYrymYbREaqTmJHsXvkCin2ewE375qpump,2026-10-01T08:53:00.982+00:00,8016.481842787471,0.10010644369717835,histgb_q5b,1,2026-10-01T10:53:03.223+02:00
FYaggQFWVtRc6mu5Rb2sCBKUjhNdxrKPHBPaMu7Bpump,2026-10-01T08:53:00.982+00:00,8484.38503453508,0.07437893435592026,histgb_q5b,2,2026-10-01T10:53:03.225+02:00
FkSXsMWWr1yzPGSpB7s3LAGoKki2UASo5TfCCc1CKFkA,2026-10-01T08:53:00.982+00:00,10611.773177515715,0.06946984252917256,histgb_q5b,3,2026-10-01T10:53:03.226+02:00
FGWFevXRqCXGWsCWbqGko8t14KS4FHipGGuitJPCpump,2026-10-01T08:53:00.982+00:00,11942.195669689681,0.03194811772716686,histgb_q5b,4,2026-10-01T10:53:03.227+02:00
6bdsyVxzc3i56UkquJ8Q2S4r8ZkBSbCRAZ88wqhVpump,2026-10-01T08:53:00.982+00:00,10909.732736763544,0.030550929703903003,histgb_q5b,5,2026-10-01T10:53:03.228+02:00
2ax3R3t5HEYnwNrUL9ayKoiP1FvbQ4YA86ycopzUpump,2026-10-01T08:53:00.982+00:00,9737.995242176112,0.029685095047767302,histgb_q5b,6,2026-10-01T10:53:03.229+02:00
Cmemvh7VGVFFKF8J6nJ5Eb9itzg65WTYoz5gCKDwpump,2026-10-01T08:53:39.230+00:00,8778.247320151422,0.08442679918198706,histgb_q5b,1,2026-10-01T10:53:41.983+02:00
6BKXqHsrDBpmBiGPbbNVgprVFgB7QUKegvpxrYQCpump,2026-10-01T08:53:39.230+00:00,8660.044841235504,0.0728305069968462,histgb_q5b,2,2026-10-01T10:53:41.986+02:00
HGDMkgCbVKiQkzgwq783EHTGSAutdsijWYSh2CRDpump,2026-10-01T08:53:39.230+00:00,9398.921065439936,0.03903177310792617,histgb_q5b,3,2026-10-01T10:53:41.987+02:00
J2ZVgimJGbYcgguKTLoGuspFBjmhFK7CmhXgGhCgpump,2026-10-01T08:53:39.230+00:00,9685.309123597108,0.03443543238370496,histgb_q5b,4,2026-10-01T10:53:41.988+02:00
9NoWu6Y1yCPDsWTEXJ76ZofYFiEVUzV1uAmRhS4vpump,2026-10-01T08:53:39.230+00:00,8034.679012780543,0.026771471864986626,histgb_q5b,5,2026-10-01T10:53:41.989+02:00
GeHLNoS4SZwv4s97yb4yHT6qz9BEXkMq5Cxo1n1Cpump,2026-10-01T08:53:39.230+00:00,12464.596693462227,0.022207539775889178,histgb_q5b,6,2026-10-01T10:53:41.990+02:00
3Ni2jT7qDLSvn62VdPK3cJ94nc6cjLYLU5LAgyRemRuf,2026-10-01T08:54:12.488+00:00,10892.727004829794,0.0848172741805611,histgb_q5b,1,2026-10-01T10:54:15.007+02:00
BNn7YMNE3bcim416JQnsrtRVN4cd6tnxx6fsNUeApump,2026-10-01T08:54:12.488+00:00,16313.240848830901,0.05733796054855801,histgb_q5b,2,2026-10-01T10:54:15.008+02:00
31WgTGu5ubeXV9VS92o2NxfWynYBXmzTyG41TNk5pump,2026-10-01T08:54:12.488+00:00,17461.890820413828,0.034282364992983046,histgb_q5b,3,2026-10-01T10:54:15.011+02:00
6VLr9gE2nd4yXkiHC1a1r8WHueoHj6b7roGVxPGzpump,2026-10-01T08:54:12.488+00:00,9652.347216615453,0.032861950051248735,histgb_q5b,4,2026-10-01T10:54:15.012+02:00
8kTBrbd8uFqhZLQcLjzrNymQQ4qqrdh3sUJVHBDVpump,2026-10-01T08:54:46.676+00:00,9652.195331000257,0.11411512990426512,histgb_q5b,1,2026-10-01T10:54:49.325+02:00
DwpgwdYBatUjWC5WFNNXGe1W1c4RSPw7hT8JhxrLpump,2026-10-01T08:54:46.676+00:00,9667.855920270085,0.030818887999806865,histgb_q5b,2,2026-10-01T10:54:49.326+02:00
FaS8keyWXNeYp78KAuYQWYDvHpsHMTdP7ea56Vjspump,2026-10-01T08:54:46.676+00:00,11231.773896724917,0.03070956099180019,histgb_q5b,3,2026-10-01T10:54:49.329+02:00
9P6ENbkXtecswvSETaunFhmaDqDJ8TiWGww4yVswpump,2026-10-01T08:54:46.676+00:00,10635.037142492365,0.01309623690216615,histgb_q5b,4,2026-10-01T10:54:49.330+02:00
3FFH92cfogDGFMCYSvyhAf8wQ565xgwqScvntTfYpump,2026-10-01T08:55:23.571+00:00,8146.941581799183,0.03214517271508628,histgb_q5b,1,2026-10-01T10:55:26.419+02:00
8BU1mDBcdQw4DUEioh7nAU1aeK1UXDCLicALR7gDpump,2026-10-01T08:56:01.087+00:00,8846.722266753204,0.07312738778661627,histgb_q5b,1,2026-10-01T10:56:03.617+02:00
4ecp4oetKVUmh2Hm6kZPUjaHb6qndvrwLngYnQ6epump,2026-10-01T08:56:01.087+00:00,11227.964932913892,0.04699776885772491,histgb_q5b,2,2026-10-01T10:56:03.618+02:00
99RdNkGhmcLp73496Bjc3ytpp6LfM3zwW99mvriZpump,2026-10-01T08:56:01.087+00:00,13156.429304217454,0.0205474147773642,histgb_q5b,3,2026-10-01T10:56:03.618+02:00
DCUaEQztzPQJ5AyEZsfEr3J9BRfhky6wPzqx3iCcpump,2026-10-01T08:56:41.811+00:00,17915.173884830438,0.09660399288248027,histgb_q5b,1,2026-10-01T10:56:44.742+02:00
B5Wjp25Vc7Q2wkdQ45Mr34JWbiQECumQ88tDTnfvpump,2026-10-01T08:56:41.811+00:00,9124.277312366758,0.06751393604791218,histgb_q5b,2,2026-10-01T10:56:44.743+02:00
2E2JoD4mMPMVhsfa9gr4fqmNzVM9LkFNMD8Us2GsqArH,2026-10-01T08:56:41.811+00:00,8428.80217533093,0.06485255291804355,histgb_q5b,3,2026-10-01T10:56:44.744+02:00
6Qc4eHZYHJev7fHVKYwi2bqdpVXWNhN67ETkyxnDjewo,2026-10-01T08:56:41.811+00:00,8560.987225791905,0.06126834827146565,histgb_q5b,4,2026-10-01T10:56:44.747+02:00
AhzoH4GdcAwyFAjpdo61MuyKDpLrnUaZCUSP8jeopump,2026-10-01T08:56:41.811+00:00,9202.829460264184,0.0410907629885799,histgb_q5b,5,2026-10-01T10:56:44.748+02:00
EEZ3oEAqYiS8dLpVkgSKa5fFEQwvHWWha3Jz6mr6pump,2026-10-01T08:57:21.224+00:00,8894.810889614746,0.1386197395802635,histgb_q5b,1,2026-10-01T10:57:23.891+02:00
CWuG3nKHHrhG7uCGEXNaeEyzrmgkYCBqDirAmkHipump,2026-10-01T08:57:21.224+00:00,10561.777344264556,0.06207513482831049,histgb_q5b,2,2026-10-01T10:57:23.892+02:00
2Tn1Z7xDEDXLNFNMciMzyxZ7Y18DKSFBNuxed5gQ6gKH,2026-10-01T08:57:21.224+00:00,8442.542821285315,0.055861201992554836,histgb_q5b,3,2026-10-01T10:57:23.893+02:00
6gZ7MVbL6EukJeUaYfnUcXpcdtDCAN3NZMSjS3WRpump,2026-10-01T08:57:21.224+00:00,8544.156116840895,0.03482162860292789,histgb_q5b,4,2026-10-01T10:57:23.895+02:00
7mKQgE1JEeJLfkYKP7ji73oyvcaTh2fBrToKA4YDpump,2026-10-01T08:57:21.224+00:00,16354.639228666201,0.031855804120001406,histgb_q5b,5,2026-10-01T10:57:23.897+02:00
6DxJaSoqKxwKgZdwazdUCF2XemXrvjh4vzerfsNrpump,2026-10-01T08:57:21.224+00:00,8190.516382455826,0.029762592530584383,histgb_q5b,6,2026-10-01T10:57:23.899+02:00
F3xsqi1auBczupwZH1zdm6Jke5q4dcSLKfzz7KGCpump,2026-10-01T08:57:51.982+00:00,8832.244020595681,0.06734886151421816,histgb_q5b,1,2026-10-01T10:57:54.508+02:00
7D9quxxGzkQuZHTnN3uWFMrtfitTGZrgMpQyMZ1Qo4Rw,2026-10-01T08:57:51.982+00:00,8126.839929900598,0.060258528936796577,histgb_q5b,2,2026-10-01T10:57:54.509+02:00
3sUYxWxf6Ggbtd1ZTij6B3TL5eWfjpXLF7y3BJuDpump,2026-10-01T08:57:51.982+00:00,11703.872587531805,0.027423364721541256,histgb_q5b,3,2026-10-01T10:57:54.512+02:00
2mxYZV6tUXVpYzXNXkXsb8PL3dh7cBMmm9zzGVxSpump,2026-10-01T08:57:51.982+00:00,12678.785424213856,0.02015477024666555,histgb_q5b,4,2026-10-01T10:57:54.515+02:00
GKwJkuLLDg8bjiWaGxaSiuycaNDksXTv7vqvCq1gpump,2026-10-01T08:58:30.035+00:00,12721.166967821773,0.674766466664776,histgb_q5b,1,2026-10-01T10:58:32.711+02:00
BJj1fpatEECwSnt9c9kzyMjK3WwoU6gnXD2EwBCqpump,2026-10-01T08:58:30.035+00:00,8469.609383610077,0.032144524234434806,histgb_q5b,2,2026-10-01T10:58:32.712+02:00
D3tfmEAMDm6c2twi8rE4Jb73swJoAXHLw738snDnpump,2026-10-01T08:58:30.035+00:00,14697.132428409532,0.030240705588148807,histgb_q5b,3,2026-10-01T10:58:32.713+02:00
DN1teQxnAw3at413mbqh9CyiRppZMXPSJ1DCDQBjpump,2026-10-01T08:59:04.906+00:00,8101.159437501337,0.06411396936375259,histgb_q5b,1,2026-10-01T10:59:07.405+02:00
7tsWw4NkT6Y51jppd3rgMY3FqfrVsAkGaKPL9fuwpump,2026-10-01T08:59:04.906+00:00,9357.12523641996,0.030489172174997012,histgb_q5b,2,2026-10-01T10:59:07.406+02:00
E1n8xTSqsy6K89mbGNKtFg6HfCneVe6tiTWrAMZopump,2026-10-01T08:59:04.906+00:00,11387.184713385068,0.027391198789094236,histgb_q5b,3,2026-10-01T10:59:07.407+02:00
CFV19h3KWpbwLRaE8wYMcJPHDBUQoeooQTfFpMYXpump,2026-10-01T08:59:04.906+00:00,9129.51600184897,0.02605448007268793,histgb_q5b,4,2026-10-01T10:59:07.408+02:00
R1pnVQ2B5A8ub92K4bVsjUysZ6JsMfj9hGsovmHpump,2026-10-01T08:59:04.906+00:00,8408.711437368765,0.023580753184619437,histgb_q5b,5,2026-10-01T10:59:07.410+02:00
721tpQLfcd5SQBppPpgWw3eumUKYMUnGdmncUHyZpump,2026-10-01T08:59:04.906+00:00,14278.052731242497,0.022636900073345147,histgb_q5b,6,2026-10-01T10:59:07.411+02:00
9tTUt6LeVQw8WPm7WNPQLFCMc6uJWnaqKQ4sPQPRpump,2026-10-01T08:59:42.289+00:00,19568.36240424309,0.055650688470405094,histgb_q5b,1,2026-10-01T10:59:44.907+02:00
29LHp9dFdiusvv8TzQ58gas5A79NvtH9D1NWMWK8pump,2026-10-01T08:59:42.289+00:00,8406.90790937515,0.0318137434924844,histgb_q5b,2,2026-10-01T10:59:44.910+02:00
2P5KjgV8GqocpmUb7m2EvpHf3bfZTZ9NPUu2WZErpump,2026-10-01T08:59:42.289+00:00,8816.014087642543,0.023447490825286434,histgb_q5b,3,2026-10-01T10:59:44.912+02:00
9bY9keCCHyTeDACdqcjitWjUxp9DUvXs2D3xYoEeorQq,2026-10-01T09:00:18.847+00:00,8071.040610957425,0.04484875495150243,histgb_q5b,1,2026-10-01T11:00:21.338+02:00
26SujkpncC7A7Ki2KQdMWifjyAeoRsuwwLFExuEMpump,2026-10-01T09:00:18.847+00:00,9048.275387613103,0.03160857086525908,histgb_q5b,2,2026-10-01T11:00:21.339+02:00
JDFHrQA5XD2AvL4Z645WFZQ4oDuWU2pT489hsCkZpump,2026-10-01T09:00:18.847+00:00,8856.196473061573,0.02306607698910376,histgb_q5b,3,2026-10-01T11:00:21.340+02:00
CXQorWvhWNB1zeBnMgpQvHYmD1yavqbt3Tx8kHPcpump,2026-10-01T09:00:18.847+00:00,9538.734957459383,0.018753186201151024,histgb_q5b,4,2026-10-01T11:00:21.341+02:00
