mint,polled_at,mc_usd,max_mc_after_t0,multiple,hit_10x_30d
VYPJyPzQUmeo3z9qM6rMnfLoTzgtXjfvQgaTBqXiPCu,2026-10-01T10:23:01.134+02:00,11602.060521909152,11719.253052433487,1.0,0
4gNVcCUq1CmKhcnakR8s17tCMH4y1dqwE9QrjCxipump,2026-10-01T10:23:01.134+02:00,11680.807710945373,11680.807710945373,1.15,0
27PYvsbwEh59GEvD5AHNiEMHasFouZ9soQrvwjuipump,2026-10-01T10:23:01.135+02:00,13741.341172135433,13741.341172135433,1.15,0
GXmVLEvmsJR21piR7JPYsg9drMZ9FYt6aw1JzDzTpump,2026-10-01T10:23:01.136+02:00,8080.897814579657,8162.523045029957,1.0,0
2reFD2udKpywbauM2BLnvhTJK8Pv5UVk5q1pbRPZpump,2026-10-01T10:23:01.136+02:00,8437.290443907841,8522.51559990691,1.0,0
DmfgwtWeQp3ePwFxbdwZgKTZKNY9voxHyWYh9fycpump,2026-10-01T10:23:01.137+02:00,17557.014416524908,17557.014416524908,1.15,0
5jwgG42npcRg7xV436DruCnB9fTLUqQ2LezYMqGApump,2026-10-01T10:23:01.138+02:00,8780.225698501454,8868.914846971165,1.0,0
5yivTC18j3ZTzFZF4RHRWBzqgPPMN5vuEkv77GPEXgqg,2026-10-01T10:23:01.138+02:00,16790.19475778873,16959.792684635082,1.0,0
AsXk3euRGFgCapCADUkqrJksWkjSmtjSy2vTKWsTCj2w,2026-10-01T10:23:01.139+02:00,10162.877761104028,10265.53309202427,1.0,0
68KKH9TQo8Cu5v33DhLh2HYXCJCE5TXZHKCFXSg2pump,2026-10-01T10:23:01.139+02:00,9038.634125317913,9129.933459917083,1.0,0
VYPJyPzQUmeo3z9qM6rMnfLoTzgtXjfvQgaTBqXiPCu,2026-10-01T10:23:01.212+02:00,11719.253052433487,11719.253052433487,1.0,0
4gNVcCUq1CmKhcnakR8s17tCMH4y1dqwE9QrjCxipump,2026-10-01T10:23:01.213+02:00,13432.928867587178,13432.928867587178,1.3224999999999998,0
27PYvsbwEh59GEvD5AHNiEMHasFouZ9soQrvwjuipump,2026-10-01T10:23:01.237+02:00,15802.542347955747,15802.542347955747,1.3224999999999998,0
GXmVLEvmsJR21piR7JPYsg9drMZ9FYt6aw1JzDzTpump,2026-10-01T10:23:01.239+02:00,8162.523045029957,8162.523045029957,1.0,0
2reFD2udKpywbauM2BLnvhTJK8Pv5UVk5q1pbRPZpump,2026-10-01T10:23:01.240+02:00,8522.51559990691,8522.51559990691,1.0,0
DmfgwtWeQp3ePwFxbdwZgKTZKNY9voxHyWYh9fycpump,2026-10-01T10:23:01.240+02:00,20190.566579003644,20190.566579003644,1.3225,0
5jwgG42npcRg7xV436DruCnB9fTLUqQ2LezYMqGApump,2026-10-01T10:23:01.242+02:00,8868.914846971165,8868.914846971165,1.0,0
5yivTC18j3ZTzFZF4RHRWBzqgPPMN5vuEkv77GPEXgqg,2026-10-01T10:23:01.242+02:00,16959.792684635082,16959.792684635082,1.0,0
AsXk3euRGFgCapCADUkqrJksWkjSmtjSy2vTKWsTCj2w,2026-10-01T10:23:01.243+02:00,10265.53309202427,10265.53309202427,1.0,0
68KKH9TQo8Cu5v33DhLh2HYXCJCE5TXZHKCFXSg2pump,2026-10-01T10:23:01.244+02:00,9129.933459917083,9129.933459917083,1.0,0
6fAUjH37RajutbJvGGaGxBKhgCWP3Ce2VjV9QGz3pump,2026-10-01T10:23:01.244+02:00,8017.374937538045,8017.374937538045,1.0,0
9XfpZm62wSzbN6XCpu3bM4HbTHwzPYEKhqnEh3vHpump,2026-10-01T10:23:01.245+02:00,18430.657761391336,18430.657761391336,1.0,0
BgHzuqmeQDpjcBTr8AeWt8gxotPBp8xAcuHPFSv2pump,2026-10-01T10:23:01.246+02:00,19444.34188771993,19444.34188771993,1.0,0
9hxkgL5iNeNPP11cv4Ng9W3qL6qVD6nzvpbxeqT7pump,2026-10-01T10:23:01.246+02:00,18054.17941795895,18054.17941795895,1.15,0
5AMVPbnquEufU2vX98gb6X5e7uGkffQsjKyxog1Kpump,2026-10-01T10:23:01.247+02:00,11357.394728522888,11357.394728522888,1.0,0
BM2nGjzwTAmZpBSwZFUfcPwDjak2EKTsVbQjQkKppump,2026-10-01T10:23:01.248+02:00,16354.830222553574,16354.830222553574,1.0,0
2D7HMuxmReiXNxZWY5ysujjZMQB1gV6CyQuwT7Uppump,2026-10-01T10:23:01.248+02:00,18337.734309170628,18337.734309170628,1.15,0
92SQ1QwLTMktFeFom4sK4X6FTfX6PWHcr2PntZ5vpump,2026-10-01T10:23:01.249+02:00,19334.533135406673,19334.533135406673,1.0,0
Fs5s6CM2B8Eym5deiB6jK3o6MXMsdaVVbgeLNM2Apump,2026-10-01T10:23:01.250+02:00,12279.376932824922,12279.376932824922,1.15,0
Ft77Mzda3V4aNPryabgRQKsukkAEEiHjUrjV1fRxpump,2026-10-01T10:23:01.251+02:00,18866.183381760493,18866.183381760493,1.0,0
Bx4TD84C99mjr6e6m8keqHGPVpturprYSvciWssuefXi,2026-10-01T10:43:32.186+02:00,10142.980499949772,10142.980499949772,1.233085919878287,0
73c42RMe7zMRLgBBpyzsUdsxzDovTJJ8iDeZwJwupump,2026-10-01T10:43:32.188+02:00,9406.760909769218,9406.760909769218,1.0052339437365627,0
r1tDEx4x8YK3hA1F8TuieifffcRSWFxGxUJ9XJEuDh4,2026-10-01T10:43:32.190+02:00,5219.773163435519,8016.231731744483,1.0,0
EGWc19W32sbX2amELoQMSMWXNBzehF9mLWcQLxrBpump,2026-10-01T10:43:32.191+02:00,1850.045805440459,9168.469659925904,1.0,0
H2p4YcNmyQQ6dBPVv978a9LjpVPatRm2CQ3SedrXpump,2026-10-01T10:43:32.192+02:00,10313.03054332966,11067.148989241105,1.0,0
EC1eBL3b16AN6zb26RcrE5CEnhuiUZR44NmR2Nqjpump,2026-10-01T10:43:32.193+02:00,24373.8995771579,24373.8995771579,1.2503174152458831,0
6zzzG49KX5nksnqfogs31dwoMYSHaJXkropKbv1QZVga,2026-10-01T10:43:32.193+02:00,17337.561075692065,17337.561075692065,1.0014544660608125,0
CNmJsbKdT85twh17TZWNfoq14pCuF1BWwF4T7yARpump,2026-10-01T10:43:32.194+02:00,12896.337466372643,13361.091987462714,1.0,0
KzPw94WEpUVFgSntAJxXqzhddDWBbrwbbLx1v2E7Knt,2026-10-01T10:43:32.195+02:00,16201.469406951219,16670.857803546824,1.0,0
Bd5nYRmvZnGy69qxzDfVqEGyKBwfGMJsRELqz2ySDNUo,2026-10-01T10:43:32.196+02:00,11991.749488515756,13230.495824245709,1.0,0
79MiUVB4XqCaZs2Tk9fw9qoUHcYWpWvyC1qvgivWpump,2026-10-01T10:43:32.197+02:00,10584.70024872804,10584.70024872804,1.1525801928546373,0
2LcmEsbggUo5xbJcw8vPDveDjA4z2PqV3QbeWssXpump,2026-10-01T10:43:32.198+02:00,14362.719412019942,14362.719412019942,1.0110917412149432,0
HqKGbna4AyHQKN23yoDd5yfTC3p81dmutuDVATBvpump,2026-10-01T10:43:32.199+02:00,6184.947324072709,8295.320185425226,1.0,0
zXxjDEDrm4ofdWPryF5wGWXQMshKhBSwE4GL1EYpump,2026-10-01T10:43:32.200+02:00,11770.753189921379,11770.753189921379,1.001729912312409,0
27x37KmyRQJRVrD3cra6iEdpDcME4vPKziDXkb9xpump,2026-10-01T10:43:32.200+02:00,15999.356037355014,15999.356037355014,1.0016818185597014,0
27PYvsbwEh59GEvD5AHNiEMHasFouZ9soQrvwjuipump,2026-10-01T10:43:32.201+02:00,17761.473604040613,17761.473604040613,1.486441125999094,0
9cXPP6qBmAEMUzxh96YkRzkzFP1p1ChMsxwi887npump,2026-10-01T10:43:32.202+02:00,11163.185263285413,11163.18890126422,1.0,0
CaMXT8h56YcN639gsagenXyXY3gjGNXTAoJL3qZm4jkR,2026-10-01T10:43:32.203+02:00,17400.567230651668,17400.590877513914,1.0,0
BkzU1zCy339CYjVpSfVq5NwhVhz3UEcCrALvHKme7yka,2026-10-01T10:43:32.204+02:00,10518.106395961546,10518.108212653735,1.0,0
AXb4kBBEJxJbZnvdoUNicmmLS9NNEVLZ4riUuYZTuDBX,2026-10-01T10:43:32.205+02:00,4114.118382858578,8172.5456766434945,1.0,0
r1tDEx4x8YK3hA1F8TuieifffcRSWFxGxUJ9XJEuDh4,2026-10-01T10:43:57.494+02:00,5246.051610998328,8016.231731744483,1.0,0
Bx4TD84C99mjr6e6m8keqHGPVpturprYSvciWssuefXi,2026-10-01T10:43:57.498+02:00,9628.23014560854,10142.980499949772,1.233085919878287,0
Bd5nYRmvZnGy69qxzDfVqEGyKBwfGMJsRELqz2ySDNUo,2026-10-01T10:43:57.500+02:00,14560.646377503843,14560.646377503843,1.1005367123747962,0
9g7ZqFw3AzghEi12NgisJQVYJ6o1sTKyvZKygMpwpump,2026-10-01T10:43:57.501+02:00,22202.455511433072,22202.455511433072,1.1337813061912845,0
6zzzG49KX5nksnqfogs31dwoMYSHaJXkropKbv1QZVga,2026-10-01T10:43:57.503+02:00,16903.766663745046,17337.561075692065,1.0014544660608125,0
73c42RMe7zMRLgBBpyzsUdsxzDovTJJ8iDeZwJwupump,2026-10-01T10:43:57.503+02:00,8347.333277924918,9406.760909769218,1.0052339437365627,0
56TARN6YWsxHE5qgR54zCwNhRssc6Jk3Sb7f2jRHpump,2026-10-01T10:43:57.504+02:00,12079.866792191751,12079.866792191751,1.007266189554624,0
KzPw94WEpUVFgSntAJxXqzhddDWBbrwbbLx1v2E7Knt,2026-10-01T10:43:57.505+02:00,12708.116628346033,16670.857803546824,1.0,0
79MiUVB4XqCaZs2Tk9fw9qoUHcYWpWvyC1qvgivWpump,2026-10-01T10:43:57.505+02:00,14069.743883737829,14069.743883737829,1.5320706054838569,0
2LcmEsbggUo5xbJcw8vPDveDjA4z2PqV3QbeWssXpump,2026-10-01T10:43:57.506+02:00,12945.554772159085,14362.719412019942,1.0110917412149432,0
H2p4YcNmyQQ6dBPVv978a9LjpVPatRm2CQ3SedrXpump,2026-10-01T10:43:57.507+02:00,11010.352864104789,11067.148989241105,1.0,0
EC1eBL3b16AN6zb26RcrE5CEnhuiUZR44NmR2Nqjpump,2026-10-01T10:43:57.507+02:00,23720.93513199397,24373.8995771579,1.2503174152458831,0
CaMXT8h56YcN639gsagenXyXY3gjGNXTAoJL3qZm4jkR,2026-10-01T10:43:57.508+02:00,17082.009435398093,17400.590877513914,1.0,0
CNmJsbKdT85twh17TZWNfoq14pCuF1BWwF4T7yARpump,2026-10-01T10:43:57.509+02:00,3456.446393101935,13361.091987462714,1.0,0
HqKGbna4AyHQKN23yoDd5yfTC3p81dmutuDVATBvpump,2026-10-01T10:43:57.510+02:00,4277.872449165443,8295.320185425226,1.0,0
zXxjDEDrm4ofdWPryF5wGWXQMshKhBSwE4GL1EYpump,2026-10-01T10:43:57.510+02:00,12115.06787512917,12115.06787512917,1.0310322274536696,0
EGWc19W32sbX2amELoQMSMWXNBzehF9mLWcQLxrBpump,2026-10-01T10:43:57.511+02:00,1255.3647366075893,9168.469659925904,1.0,0
BkzU1zCy339CYjVpSfVq5NwhVhz3UEcCrALvHKme7yka,2026-10-01T10:43:57.512+02:00,10504.282276754708,10518.108212653735,1.0,0
EGw4QGiFrsygwzWj56G3Pe4eFcgwmBPmchgK9CP2pump,2026-10-01T10:45:14.365+02:00,4560.670731734717,8136.663382174447,1.0,0
HqKGbna4AyHQKN23yoDd5yfTC3p81dmutuDVATBvpump,2026-10-01T10:45:14.367+02:00,3889.6182559255976,8295.320185425226,1.0,0
Bx4TD84C99mjr6e6m8keqHGPVpturprYSvciWssuefXi,2026-10-01T10:45:14.368+02:00,13938.340089225676,13938.340089225676,1.6944891997558666,0
zXxjDEDrm4ofdWPryF5wGWXQMshKhBSwE4GL1EYpump,2026-10-01T10:45:14.370+02:00,12591.352060553618,12591.352060553618,1.0715655822528798,0
6zzzG49KX5nksnqfogs31dwoMYSHaJXkropKbv1QZVga,2026-10-01T10:45:14.371+02:00,21820.444089826196,21820.444089826196,1.260395339908813,0
73c42RMe7zMRLgBBpyzsUdsxzDovTJJ8iDeZwJwupump,2026-10-01T10:45:14.371+02:00,7263.538918778067,9406.760909769218,1.0052339437365627,0
EC1eBL3b16AN6zb26RcrE5CEnhuiUZR44NmR2Nqjpump,2026-10-01T10:45:14.372+02:00,41635.16132289705,41635.16132289705,2.135775078739374,0
Bd5nYRmvZnGy69qxzDfVqEGyKBwfGMJsRELqz2ySDNUo,2026-10-01T10:45:14.373+02:00,15673.265806981331,15673.265806981331,1.1846317791249437,0
2LcmEsbggUo5xbJcw8vPDveDjA4z2PqV3QbeWssXpump,2026-10-01T10:45:14.374+02:00,12570.66469406709,14362.719412019942,1.0110917412149432,0
3qgd3piizrUN4rJ2XNJry1cZb1DYGSEPv1HKpqV5pump,2026-10-01T10:45:14.375+02:00,5864.751983608585,8050.036740314681,1.0,0
56TARN6YWsxHE5qgR54zCwNhRssc6Jk3Sb7f2jRHpump,2026-10-01T10:45:14.375+02:00,5057.409907749388,12079.866792191751,1.007266189554624,0
79MiUVB4XqCaZs2Tk9fw9qoUHcYWpWvyC1qvgivWpump,2026-10-01T10:45:14.376+02:00,15742.214600322768,15742.214600322768,1.7141878667919273,0
BkzU1zCy339CYjVpSfVq5NwhVhz3UEcCrALvHKme7yka,2026-10-01T10:45:14.378+02:00,9954.614804802939,10518.108212653735,1.0,0
9g7ZqFw3AzghEi12NgisJQVYJ6o1sTKyvZKygMpwpump,2026-10-01T10:45:14.378+02:00,3320.16702486726,22202.455511433072,1.1337813061912845,0
H2p4YcNmyQQ6dBPVv978a9LjpVPatRm2CQ3SedrXpump,2026-10-01T10:45:14.379+02:00,12608.585166162811,12608.585166162811,1.1392803312235344,0
2sYmPMo4iJaVBHKF7bvHHU8skDJnyHHPQNDD6JoUpump,2026-10-01T10:45:14.380+02:00,6444.809059757972,8340.14736028621,1.0,0
CNmJsbKdT85twh17TZWNfoq14pCuF1BWwF4T7yARpump,2026-10-01T10:45:14.381+02:00,3384.89189743995,13361.091987462714,1.0,0
KzPw94WEpUVFgSntAJxXqzhddDWBbrwbbLx1v2E7Knt,2026-10-01T10:45:14.381+02:00,4031.8841456610244,16670.857803546824,1.0,0
CaMXT8h56YcN639gsagenXyXY3gjGNXTAoJL3qZm4jkR,2026-10-01T10:45:14.382+02:00,16514.72484809307,17400.590877513914,1.0,0
D5zsFaHwxUDmVekCwz7fzDkN3gStAoEr8FktdbRbpump,2026-10-01T10:47:10.558+02:00,8894.26428329898,9094.19668460032,1.0,0
5aJmrWcYBt8qCpqrv4m91Q62bwxfrtdX18H3ZD7Qv4SM,2026-10-01T10:47:10.560+02:00,11729.086509149056,11729.086509149056,1.2112982216282324,0
2XU6sMtJL3dK2bDPMa5gnt6LD9GbsT2zHtepyNwMpump,2026-10-01T10:47:10.561+02:00,4395.700671011529,8091.238669294398,1.0,0
2sYmPMo4iJaVBHKF7bvHHU8skDJnyHHPQNDD6JoUpump,2026-10-01T10:47:10.562+02:00,3526.138243614696,8340.14736028621,1.0,0
Bd5nYRmvZnGy69qxzDfVqEGyKBwfGMJsRELqz2ySDNUo,2026-10-01T10:47:10.563+02:00,3939.4553823511283,15673.265806981331,1.1846317791249437,0
GeGbkLTqwg1gqp6kJrFf3A6sCHyTKf6Rt9VGhh3Gpump,2026-10-01T10:47:10.564+02:00,10962.138730974402,10962.138730974402,1.1453995143003897,0
DV8WPt5mPkhtH1CC9Qe6NgYMsyw16sMBUTx3YTTogift,2026-10-01T10:47:10.565+02:00,23900.5184994312,23900.5184994312,1.2052848545112476,0
73c42RMe7zMRLgBBpyzsUdsxzDovTJJ8iDeZwJwupump,2026-10-01T10:47:10.566+02:00,6614.439371332992,9406.760909769218,1.0052339437365627,0
2LcmEsbggUo5xbJcw8vPDveDjA4z2PqV3QbeWssXpump,2026-10-01T10:47:10.566+02:00,14646.855561295524,14646.855561295524,1.0310940615048412,0
zXxjDEDrm4ofdWPryF5wGWXQMshKhBSwE4GL1EYpump,2026-10-01T10:47:10.567+02:00,13943.013982498087,13943.013982498087,1.1865964691212587,0
Bx4TD84C99mjr6e6m8keqHGPVpturprYSvciWssuefXi,2026-10-01T10:47:10.568+02:00,16426.060028607026,16426.060028607026,1.996922240011322,0
6zzzG49KX5nksnqfogs31dwoMYSHaJXkropKbv1QZVga,2026-10-01T10:47:10.568+02:00,19194.651031284593,21820.444089826196,1.260395339908813,0
3qgd3piizrUN4rJ2XNJry1cZb1DYGSEPv1HKpqV5pump,2026-10-01T10:47:10.569+02:00,4077.7531467028894,8050.036740314681,1.0,0
A5sz7bCq4ZRyEctug1kuoiG4Go6cMoRQo2jbKVqZjDZW,2026-10-01T10:47:10.570+02:00,3665.4580526374048,8251.136023318395,1.0,0
H2p4YcNmyQQ6dBPVv978a9LjpVPatRm2CQ3SedrXpump,2026-10-01T10:47:10.571+02:00,9847.018191067036,12608.585166162811,1.1392803312235344,0
BvPVRiXz9Qw5bon857g9RbWqBNPVEv9k2ipLT1cxpump,2026-10-01T10:47:10.572+02:00,3409.4680358975893,8309.197255584877,1.0,0
56TARN6YWsxHE5qgR54zCwNhRssc6Jk3Sb7f2jRHpump,2026-10-01T10:47:10.573+02:00,3964.231382269645,12079.866792191751,1.007266189554624,0
27x37KmyRQJRVrD3cra6iEdpDcME4vPKziDXkb9xpump,2026-10-01T10:47:10.573+02:00,14221.731362340493,15999.356037355014,1.0016818185597014,0
79MiUVB4XqCaZs2Tk9fw9qoUHcYWpWvyC1qvgivWpump,2026-10-01T10:47:10.574+02:00,19471.779523883015,19471.779523883015,2.1203044839703424,0
CaMXT8h56YcN639gsagenXyXY3gjGNXTAoJL3qZm4jkR,2026-10-01T10:47:10.575+02:00,16972.30254649144,17400.590877513914,1.0,0
HiXft8MEUqqxnCMUnBF8bxwTeKTYHR2Kz7dqceDDpump,2026-10-01T10:47:10.576+02:00,2863.5154194489587,8422.789505857509,1.0,0
6UaLVCjZKCPE7zz6xPxeSgngM3kvmNPQ6XKuPfGGpump,2026-10-01T10:47:10.576+02:00,10202.459634456318,10202.495104749687,1.0,0
BkzU1zCy339CYjVpSfVq5NwhVhz3UEcCrALvHKme7yka,2026-10-01T10:47:10.577+02:00,8283.548662320774,10518.108212653735,1.0,0
HqKGbna4AyHQKN23yoDd5yfTC3p81dmutuDVATBvpump,2026-10-01T10:47:10.578+02:00,3550.821247699787,8295.320185425226,1.0,0
GfV1EQ7HxrXAw5po6sJUEMNrwdnPRDM3tHtnL3awpump,2026-10-01T10:47:10.579+02:00,7921.436917968094,8004.6947914524935,1.0,0
DWyQu5e5SZnf9KkwUv6vsT1bcqHYigUzyy7huxvWpump,2026-10-01T10:47:42.179+02:00,3509.8075841233367,9647.019396652468,1.0,0
DV8WPt5mPkhtH1CC9Qe6NgYMsyw16sMBUTx3YTTogift,2026-10-01T10:47:42.181+02:00,22953.527150093578,23900.5184994312,1.2052848545112476,0
Bx4TD84C99mjr6e6m8keqHGPVpturprYSvciWssuefXi,2026-10-01T10:47:42.183+02:00,13417.916306934785,16426.060028607026,1.996922240011322,0
73c42RMe7zMRLgBBpyzsUdsxzDovTJJ8iDeZwJwupump,2026-10-01T10:47:42.184+02:00,4363.0793697957415,9406.760909769218,1.0052339437365627,0
6zzzG49KX5nksnqfogs31dwoMYSHaJXkropKbv1QZVga,2026-10-01T10:47:42.184+02:00,18797.562006511725,21820.444089826196,1.260395339908813,0
GNSVBpfPjDBAxyZ8rPAhsNrZhk1qarqxeEEL2Rgzpump,2026-10-01T10:47:42.186+02:00,13497.388863470405,13497.388863470405,1.183816819419255,0
5aJmrWcYBt8qCpqrv4m91Q62bwxfrtdX18H3ZD7Qv4SM,2026-10-01T10:47:42.187+02:00,13908.867913414724,13908.867913414724,1.4364108368745885,0
2sYmPMo4iJaVBHKF7bvHHU8skDJnyHHPQNDD6JoUpump,2026-10-01T10:47:42.188+02:00,3616.738013079157,8340.14736028621,1.0,0
2XU6sMtJL3dK2bDPMa5gnt6LD9GbsT2zHtepyNwMpump,2026-10-01T10:47:42.189+02:00,4320.1589505769725,8091.238669294398,1.0,0
GeGbkLTqwg1gqp6kJrFf3A6sCHyTKf6Rt9VGhh3Gpump,2026-10-01T10:47:42.189+02:00,14404.534340428654,14404.534340428654,1.505084641068368,0
zXxjDEDrm4ofdWPryF5wGWXQMshKhBSwE4GL1EYpump,2026-10-01T10:47:42.191+02:00,14733.551324752625,14733.551324752625,1.2538738038643222,0
HqKGbna4AyHQKN23yoDd5yfTC3p81dmutuDVATBvpump,2026-10-01T10:47:42.192+02:00,3480.6137136911275,8295.320185425226,1.0,0
A5sz7bCq4ZRyEctug1kuoiG4Go6cMoRQo2jbKVqZjDZW,2026-10-01T10:47:42.192+02:00,3527.3867524665548,8251.136023318395,1.0,0
79MiUVB4XqCaZs2Tk9fw9qoUHcYWpWvyC1qvgivWpump,2026-10-01T10:47:42.193+02:00,14211.241250450257,19471.779523883015,2.1203044839703424,0
6gsyQYutA268vqeVAn1oFcUz8fCWUSQYKDvNuSc7pump,2026-10-01T10:47:42.194+02:00,1056.133100973966,8700.871148903389,1.0,0
CNmJsbKdT85twh17TZWNfoq14pCuF1BWwF4T7yARpump,2026-10-01T10:47:42.194+02:00,3303.4857551683604,13361.091987462714,1.0,0
CaMXT8h56YcN639gsagenXyXY3gjGNXTAoJL3qZm4jkR,2026-10-01T10:47:42.195+02:00,16326.05562917849,17400.590877513914,1.0,0
D5zsFaHwxUDmVekCwz7fzDkN3gStAoEr8FktdbRbpump,2026-10-01T10:47:42.196+02:00,23594.675440108404,23594.675440108404,2.5944760442736525,0
Bd5nYRmvZnGy69qxzDfVqEGyKBwfGMJsRELqz2ySDNUo,2026-10-01T10:47:42.196+02:00,3831.106823781573,15673.265806981331,1.1846317791249437,0
GfV1EQ7HxrXAw5po6sJUEMNrwdnPRDM3tHtnL3awpump,2026-10-01T10:47:42.197+02:00,8399.979378737044,8399.979378737044,1.0493815938749644,0
5biq81HYHEZfnZ4M7h3C4APtyQpDZU9qvZ6HRRnEpump,2026-10-01T10:47:42.198+02:00,10594.134437269531,10594.134437269531,1.0,0
BkzU1zCy339CYjVpSfVq5NwhVhz3UEcCrALvHKme7yka,2026-10-01T10:47:42.199+02:00,7225.533019720886,10518.108212653735,1.0,0
56TARN6YWsxHE5qgR54zCwNhRssc6Jk3Sb7f2jRHpump,2026-10-01T10:47:42.200+02:00,4225.5528569512535,12079.866792191751,1.007266189554624,0
4Jodx3ToNidzv6UxHw5xNtVhccnWwhJczL58qgUHYcBJ,2026-10-01T10:47:42.201+02:00,15361.237889093938,15361.237889093938,1.0,0
KzPw94WEpUVFgSntAJxXqzhddDWBbrwbbLx1v2E7Knt,2026-10-01T10:47:42.201+02:00,3556.026513251709,16670.857803546824,1.0,0
3qgd3piizrUN4rJ2XNJry1cZb1DYGSEPv1HKpqV5pump,2026-10-01T10:47:42.202+02:00,3381.810074642999,8050.036740314681,1.0,0
H2p4YcNmyQQ6dBPVv978a9LjpVPatRm2CQ3SedrXpump,2026-10-01T10:47:42.203+02:00,9955.352652468719,12608.585166162811,1.1392803312235344,0
2PKnVvLjJFChVtnXWAtqzDG7WUMEdNj4TkGaTh7apump,2026-10-01T10:48:19.677+02:00,4237.22058794084,8136.7743405280635,1.0,0
GjXFxoq1RjdEqK8bYTzFCtvxEpuPu56utF88pGM7pump,2026-10-01T10:48:19.679+02:00,10205.301805399358,10205.301805399358,1.1823133806159725,0
GeGbkLTqwg1gqp6kJrFf3A6sCHyTKf6Rt9VGhh3Gpump,2026-10-01T10:48:19.680+02:00,15356.312360381708,15356.312360381708,1.6045329429490642,0
5aJmrWcYBt8qCpqrv4m91Q62bwxfrtdX18H3ZD7Qv4SM,2026-10-01T10:48:19.680+02:00,13200.392459111528,13908.867913414724,1.4364108368745885,0
9VWHR15FJV1sMKdLQB4oyhhtyq6FHeTLFVA8nrdWpump,2026-10-01T10:48:19.681+02:00,9722.229151520878,9722.229151520878,1.1473160218693719,0
2sYmPMo4iJaVBHKF7bvHHU8skDJnyHHPQNDD6JoUpump,2026-10-01T10:48:19.682+02:00,4122.712653042981,8340.14736028621,1.0,0
Bx4TD84C99mjr6e6m8keqHGPVpturprYSvciWssuefXi,2026-10-01T10:48:19.683+02:00,13506.18367723655,16426.060028607026,1.996922240011322,0
DV8WPt5mPkhtH1CC9Qe6NgYMsyw16sMBUTx3YTTogift,2026-10-01T10:48:19.683+02:00,24407.26530039683,24407.26530039683,1.2308397078208289,0
D5zsFaHwxUDmVekCwz7fzDkN3gStAoEr8FktdbRbpump,2026-10-01T10:48:19.684+02:00,18726.37585620396,23594.675440108404,2.5944760442736525,0
HqKGbna4AyHQKN23yoDd5yfTC3p81dmutuDVATBvpump,2026-10-01T10:48:19.685+02:00,3431.404365983326,8295.320185425226,1.0,0
GNSVBpfPjDBAxyZ8rPAhsNrZhk1qarqxeEEL2Rgzpump,2026-10-01T10:48:19.685+02:00,11707.233170454856,13497.388863470405,1.183816819419255,0
BkzU1zCy339CYjVpSfVq5NwhVhz3UEcCrALvHKme7yka,2026-10-01T10:48:19.686+02:00,7336.877175595451,10518.108212653735,1.0,0
2XU6sMtJL3dK2bDPMa5gnt6LD9GbsT2zHtepyNwMpump,2026-10-01T10:48:19.687+02:00,4130.295565118963,8091.238669294398,1.0,0
Bd5nYRmvZnGy69qxzDfVqEGyKBwfGMJsRELqz2ySDNUo,2026-10-01T10:48:19.688+02:00,3754.423232748943,15673.265806981331,1.1846317791249437,0
4Jodx3ToNidzv6UxHw5xNtVhccnWwhJczL58qgUHYcBJ,2026-10-01T10:48:19.689+02:00,15380.773834913367,15380.773834913367,1.0012717689785469,0
6zzzG49KX5nksnqfogs31dwoMYSHaJXkropKbv1QZVga,2026-10-01T10:48:19.690+02:00,17524.86605255399,21820.444089826196,1.260395339908813,0
DWyQu5e5SZnf9KkwUv6vsT1bcqHYigUzyy7huxvWpump,2026-10-01T10:48:19.691+02:00,1002.2771448348067,9647.019396652468,1.0,0
79MiUVB4XqCaZs2Tk9fw9qoUHcYWpWvyC1qvgivWpump,2026-10-01T10:48:19.692+02:00,13357.133866520599,19471.779523883015,2.1203044839703424,0
73c42RMe7zMRLgBBpyzsUdsxzDovTJJ8iDeZwJwupump,2026-10-01T10:48:19.692+02:00,3380.2323287090985,9406.760909769218,1.0052339437365627,0
9GgNC39EmMU5uVyWkdRSKcgXxo5pgx32urXHpytKpump,2026-10-01T10:48:19.693+02:00,1033.6315199310775,8107.529538392555,1.0,0
6gsyQYutA268vqeVAn1oFcUz8fCWUSQYKDvNuSc7pump,2026-10-01T10:48:19.694+02:00,1040.8214166091057,8700.871148903389,1.0,0
A5sz7bCq4ZRyEctug1kuoiG4Go6cMoRQo2jbKVqZjDZW,2026-10-01T10:48:19.695+02:00,3369.301794009516,8251.136023318395,1.0,0
CaMXT8h56YcN639gsagenXyXY3gjGNXTAoJL3qZm4jkR,2026-10-01T10:48:19.697+02:00,16475.187294417596,17400.590877513914,1.0,0
5aJmrWcYBt8qCpqrv4m91Q62bwxfrtdX18H3ZD7Qv4SM,2026-10-01T10:48:47.696+02:00,14039.304915058652,14039.304915058652,1.4498814603543082,0
Bx4TD84C99mjr6e6m8keqHGPVpturprYSvciWssuefXi,2026-10-01T10:48:47.698+02:00,12959.819287061511,16426.060028607026,1.996922240011322,0
Bd5nYRmvZnGy69qxzDfVqEGyKBwfGMJsRELqz2ySDNUo,2026-10-01T10:48:47.700+02:00,3806.228278335602,15673.265806981331,1.1846317791249437,0
2sYmPMo4iJaVBHKF7bvHHU8skDJnyHHPQNDD6JoUpump,2026-10-01T10:48:47.701+02:00,3378.365363460034,8340.14736028621,1.0,0
GNSVBpfPjDBAxyZ8rPAhsNrZhk1qarqxeEEL2Rgzpump,2026-10-01T10:48:47.702+02:00,13404.214769252576,13497.388863470405,1.183816819419255,0
4THHkD2iWot4h1WjU1xF1B7axVrqzXmSPwyZeYr8pump,2026-10-01T10:48:47.703+02:00,6466.027116402984,10669.033144949935,1.0,0
GeGbkLTqwg1gqp6kJrFf3A6sCHyTKf6Rt9VGhh3Gpump,2026-10-01T10:48:47.703+02:00,12175.098163424991,15356.312360381708,1.6045329429490642,0
DV8WPt5mPkhtH1CC9Qe6NgYMsyw16sMBUTx3YTTogift,2026-10-01T10:48:47.704+02:00,23522.272385889664,24407.26530039683,1.2308397078208289,0
79MiUVB4XqCaZs2Tk9fw9qoUHcYWpWvyC1qvgivWpump,2026-10-01T10:48:47.705+02:00,9358.478564536199,19471.779523883015,2.1203044839703424,0
GjXFxoq1RjdEqK8bYTzFCtvxEpuPu56utF88pGM7pump,2026-10-01T10:48:47.705+02:00,11683.824595820624,11683.824595820624,1.3536044714620918,0
6zzzG49KX5nksnqfogs31dwoMYSHaJXkropKbv1QZVga,2026-10-01T10:48:47.706+02:00,19357.732526259497,21820.444089826196,1.260395339908813,0
GfV1EQ7HxrXAw5po6sJUEMNrwdnPRDM3tHtnL3awpump,2026-10-01T10:48:47.707+02:00,8095.8398029906675,8399.979378737044,1.0493815938749644,0
2LcmEsbggUo5xbJcw8vPDveDjA4z2PqV3QbeWssXpump,2026-10-01T10:48:47.707+02:00,14683.287190564442,14683.287190564442,1.0336587373448483,0
zXxjDEDrm4ofdWPryF5wGWXQMshKhBSwE4GL1EYpump,2026-10-01T10:48:47.709+02:00,15567.638911306858,15567.638911306858,1.3248574080108486,0
2PKnVvLjJFChVtnXWAtqzDG7WUMEdNj4TkGaTh7apump,2026-10-01T10:48:47.710+02:00,3685.5465006290774,8136.7743405280635,1.0,0
9g7ZqFw3AzghEi12NgisJQVYJ6o1sTKyvZKygMpwpump,2026-10-01T10:48:47.710+02:00,3313.1700547528453,22202.455511433072,1.1337813061912845,0
4aPPSr8UMV1KNcjtBnUKPZJbbxCRcnchwHKfocHWpump,2026-10-01T10:48:47.712+02:00,5467.614755616523,8528.427315468434,1.0,0
H2p4YcNmyQQ6dBPVv978a9LjpVPatRm2CQ3SedrXpump,2026-10-01T10:48:47.714+02:00,10242.856660624966,12608.585166162811,1.1392803312235344,0
2XU6sMtJL3dK2bDPMa5gnt6LD9GbsT2zHtepyNwMpump,2026-10-01T10:48:47.716+02:00,3496.2263271153947,8091.238669294398,1.0,0
56TARN6YWsxHE5qgR54zCwNhRssc6Jk3Sb7f2jRHpump,2026-10-01T10:48:47.717+02:00,3952.4466046714224,12079.866792191751,1.007266189554624,0
BkzU1zCy339CYjVpSfVq5NwhVhz3UEcCrALvHKme7yka,2026-10-01T10:48:47.719+02:00,7197.1022411471,10518.108212653735,1.0,0
D5zsFaHwxUDmVekCwz7fzDkN3gStAoEr8FktdbRbpump,2026-10-01T10:48:47.719+02:00,18730.725059867837,23594.675440108404,2.5944760442736525,0
4THHkD2iWot4h1WjU1xF1B7axVrqzXmSPwyZeYr8pump,2026-10-01T10:49:14.091+02:00,13981.729352963157,13981.729352963157,1.3104963835997874,0
DZ4hBjxbSJrCNB2SVi96UrRNHPaaHKSrxsMP9HE698ro,2026-10-01T10:49:14.093+02:00,12976.252037333325,12976.252037333325,1.2439005018395377,0
5aJmrWcYBt8qCpqrv4m91Q62bwxfrtdX18H3ZD7Qv4SM,2026-10-01T10:49:14.094+02:00,16007.685189833592,16007.685189833592,1.6531620418781252,0
Bx4TD84C99mjr6e6m8keqHGPVpturprYSvciWssuefXi,2026-10-01T10:49:14.094+02:00,12447.82015419315,16426.060028607026,1.996922240011322,0
GjXFxoq1RjdEqK8bYTzFCtvxEpuPu56utF88pGM7pump,2026-10-01T10:49:14.095+02:00,3762.35175281181,11683.824595820624,1.3536044714620918,0
zXxjDEDrm4ofdWPryF5wGWXQMshKhBSwE4GL1EYpump,2026-10-01T10:49:14.095+02:00,15581.539628328755,15581.539628328755,1.326040404869142,0
GNSVBpfPjDBAxyZ8rPAhsNrZhk1qarqxeEEL2Rgzpump,2026-10-01T10:49:14.096+02:00,14111.483324086294,14111.483324086294,1.2376772629867354,0
DV8WPt5mPkhtH1CC9Qe6NgYMsyw16sMBUTx3YTTogift,2026-10-01T10:49:14.097+02:00,22896.814698469825,24407.26530039683,1.2308397078208289,0
GeGbkLTqwg1gqp6kJrFf3A6sCHyTKf6Rt9VGhh3Gpump,2026-10-01T10:49:14.097+02:00,12561.454241222236,15356.312360381708,1.6045329429490642,0
GfV1EQ7HxrXAw5po6sJUEMNrwdnPRDM3tHtnL3awpump,2026-10-01T10:49:14.098+02:00,8003.033144632354,8399.979378737044,1.0493815938749644,0
Bd5nYRmvZnGy69qxzDfVqEGyKBwfGMJsRELqz2ySDNUo,2026-10-01T10:49:14.099+02:00,3799.4211652401827,15673.265806981331,1.1846317791249437,0
79MiUVB4XqCaZs2Tk9fw9qoUHcYWpWvyC1qvgivWpump,2026-10-01T10:49:14.100+02:00,6537.661192851374,19471.779523883015,2.1203044839703424,0
59zfPwpdVGoBfaqSvoyjWAMifpv5huvaTjLaAabZpump,2026-10-01T10:49:14.100+02:00,4493.630513024982,9499.734005657956,1.0,0
2sYmPMo4iJaVBHKF7bvHHU8skDJnyHHPQNDD6JoUpump,2026-10-01T10:49:14.101+02:00,1181.6065352832084,8340.14736028621,1.0,0
BkzU1zCy339CYjVpSfVq5NwhVhz3UEcCrALvHKme7yka,2026-10-01T10:49:14.101+02:00,7290.999793591366,10518.108212653735,1.0,0
2XU6sMtJL3dK2bDPMa5gnt6LD9GbsT2zHtepyNwMpump,2026-10-01T10:49:14.102+02:00,3337.8162243024744,8091.238669294398,1.0,0
CaMXT8h56YcN639gsagenXyXY3gjGNXTAoJL3qZm4jkR,2026-10-01T10:49:14.102+02:00,16556.336049688583,17400.590877513914,1.0,0
E7RPjc25KS22LFMgXKjwqZxK5WVwdGRKaUQRuVX6fWsY,2026-10-01T10:49:14.103+02:00,14819.436843764102,14819.436843764102,1.0,0
6zzzG49KX5nksnqfogs31dwoMYSHaJXkropKbv1QZVga,2026-10-01T10:49:14.104+02:00,18830.121916835196,21820.444089826196,1.260395339908813,0
27PYvsbwEh59GEvD5AHNiEMHasFouZ9soQrvwjuipump,2026-10-01T10:49:14.104+02:00,18133.499471723608,18133.499471723608,1.517575623169064,0
27x37KmyRQJRVrD3cra6iEdpDcME4vPKziDXkb9xpump,2026-10-01T10:49:14.105+02:00,13587.961802841151,15999.356037355014,1.0016818185597014,0
3L5zPifmJRJ2oixcdTw2EBXnPSka144w5ZJqGFuApump,2026-10-01T10:49:14.106+02:00,7350.4306783434,8371.502190129831,1.0,0
2PKnVvLjJFChVtnXWAtqzDG7WUMEdNj4TkGaTh7apump,2026-10-01T10:49:14.106+02:00,3685.741359651687,8136.7743405280635,1.0,0
3y8zgqoCqMyTWJwjumkYNxgT3Jr4EUmGVy6XEcd5pump,2026-10-01T10:49:14.107+02:00,9231.776857632212,9231.776857632212,1.0,0
2LcmEsbggUo5xbJcw8vPDveDjA4z2PqV3QbeWssXpump,2026-10-01T10:49:14.108+02:00,14683.287190564442,14683.287190564442,1.0336587373448483,0
9g7ZqFw3AzghEi12NgisJQVYJ6o1sTKyvZKygMpwpump,2026-10-01T10:49:14.109+02:00,3313.1700547528453,22202.455511433072,1.1337813061912845,0
4aPPSr8UMV1KNcjtBnUKPZJbbxCRcnchwHKfocHWpump,2026-10-01T10:49:14.109+02:00,5467.614755616523,8528.427315468434,1.0,0
5aJmrWcYBt8qCpqrv4m91Q62bwxfrtdX18H3ZD7Qv4SM,2026-10-01T10:50:01.486+02:00,19855.18065339386,19855.18065339386,2.0505045296411697,0
62JEzmQYBfQfj5UNuGKQwYpwhWZJAC8Pncotork1pump,2026-10-01T10:50:01.488+02:00,11346.371138643008,11346.371138643008,1.2522866047991648,0
DZ4hBjxbSJrCNB2SVi96UrRNHPaaHKSrxsMP9HE698ro,2026-10-01T10:50:01.489+02:00,16857.095033628866,16857.095033628866,1.615917208725614,0
Bx4TD84C99mjr6e6m8keqHGPVpturprYSvciWssuefXi,2026-10-01T10:50:01.490+02:00,16461.819541291105,16461.819541291105,2.0012695372966385,0
CaMXT8h56YcN639gsagenXyXY3gjGNXTAoJL3qZm4jkR,2026-10-01T10:50:01.490+02:00,18365.501091465845,18365.501091465845,1.055452726907041,0
DV8WPt5mPkhtH1CC9Qe6NgYMsyw16sMBUTx3YTTogift,2026-10-01T10:50:01.491+02:00,21951.378585072234,24407.26530039683,1.2308397078208289,0
GNSVBpfPjDBAxyZ8rPAhsNrZhk1qarqxeEEL2Rgzpump,2026-10-01T10:50:01.492+02:00,9758.879059518222,14111.483324086294,1.2376772629867354,0
H2p4YcNmyQQ6dBPVv978a9LjpVPatRm2CQ3SedrXpump,2026-10-01T10:50:01.493+02:00,10734.46219379548,12608.585166162811,1.1392803312235344,0
27x37KmyRQJRVrD3cra6iEdpDcME4vPKziDXkb9xpump,2026-10-01T10:50:01.493+02:00,13249.063158582418,15999.356037355014,1.0016818185597014,0
Bd5nYRmvZnGy69qxzDfVqEGyKBwfGMJsRELqz2ySDNUo,2026-10-01T10:50:01.494+02:00,3677.655058709048,15673.265806981331,1.1846317791249437,0
2LcmEsbggUo5xbJcw8vPDveDjA4z2PqV3QbeWssXpump,2026-10-01T10:50:01.495+02:00,14485.90774089098,14683.287190564442,1.0336587373448483,0
6zzzG49KX5nksnqfogs31dwoMYSHaJXkropKbv1QZVga,2026-10-01T10:50:01.495+02:00,18137.077859137207,21820.444089826196,1.260395339908813,0
GjXFxoq1RjdEqK8bYTzFCtvxEpuPu56utF88pGM7pump,2026-10-01T10:50:01.497+02:00,1028.0452897859504,11683.824595820624,1.3536044714620918,0
73c42RMe7zMRLgBBpyzsUdsxzDovTJJ8iDeZwJwupump,2026-10-01T10:50:01.498+02:00,3315.476305942866,9406.760909769218,1.0052339437365627,0
KzPw94WEpUVFgSntAJxXqzhddDWBbrwbbLx1v2E7Knt,2026-10-01T10:50:01.499+02:00,3344.5312510593794,16670.857803546824,1.0,0
GeGbkLTqwg1gqp6kJrFf3A6sCHyTKf6Rt9VGhh3Gpump,2026-10-01T10:50:01.499+02:00,6835.9390752448235,15356.312360381708,1.6045329429490642,0
AsKx4c4ppZ8RQN4bXH6kaY5SBAcdpwjhYAFPtPavpump,2026-10-01T10:50:01.500+02:00,14611.249753215816,14611.249753215816,1.0,0
3TC7Heij3wj78rJRdWMoH5VPKy98cf6UtsoJFaD3pump,2026-10-01T10:50:01.501+02:00,11777.223335229792,11777.223335229792,1.0,0
4aPPSr8UMV1KNcjtBnUKPZJbbxCRcnchwHKfocHWpump,2026-10-01T10:50:01.502+02:00,5492.432137543801,8528.427315468434,1.0,0
zXxjDEDrm4ofdWPryF5wGWXQMshKhBSwE4GL1EYpump,2026-10-01T10:50:01.503+02:00,15422.4326252006,15581.539628328755,1.326040404869142,0
DWyQu5e5SZnf9KkwUv6vsT1bcqHYigUzyy7huxvWpump,2026-10-01T10:50:01.504+02:00,1074.7762644314207,9647.019396652468,1.0,0
4THHkD2iWot4h1WjU1xF1B7axVrqzXmSPwyZeYr8pump,2026-10-01T10:50:01.505+02:00,1406.7201163925347,13981.729352963157,1.3104963835997874,0
CNmJsbKdT85twh17TZWNfoq14pCuF1BWwF4T7yARpump,2026-10-01T10:50:01.507+02:00,3292.851715741556,13361.091987462714,1.0,0
BkzU1zCy339CYjVpSfVq5NwhVhz3UEcCrALvHKme7yka,2026-10-01T10:50:01.507+02:00,7326.045148422737,10518.108212653735,1.0,0
Bx4TD84C99mjr6e6m8keqHGPVpturprYSvciWssuefXi,2026-10-01T10:51:21.439+02:00,15351.20645712574,16461.819541291105,2.0012695372966385,0
DV8WPt5mPkhtH1CC9Qe6NgYMsyw16sMBUTx3YTTogift,2026-10-01T10:51:21.442+02:00,22367.492420016788,24407.26530039683,1.2308397078208289,0
DZ4hBjxbSJrCNB2SVi96UrRNHPaaHKSrxsMP9HE698ro,2026-10-01T10:51:21.443+02:00,22026.009901310317,22026.009901310317,2.1114081855790596,0
5XEAPbovh3zos4b2LKR525nWiEX5spSmLAW7MfYpnrpm,2026-10-01T10:51:21.444+02:00,4571.8561523153285,8317.177162081598,1.0,0
5aJmrWcYBt8qCpqrv4m91Q62bwxfrtdX18H3ZD7Qv4SM,2026-10-01T10:51:21.446+02:00,17066.809959942184,19855.18065339386,2.0505045296411697,0
ACjtdeAuRbHb84AJdgoUwTnrMdB9jYARxGKB1mgUpump,2026-10-01T10:51:21.447+02:00,4209.164671920007,9463.50337471813,1.0,0
39AcvLK1MBEZkQfaJRiyXMXSHkco2hoHbEqzvzLApump,2026-10-01T10:51:21.448+02:00,2183.478500228375,8314.213118865155,1.0,0
GNSVBpfPjDBAxyZ8rPAhsNrZhk1qarqxeEEL2Rgzpump,2026-10-01T10:51:21.449+02:00,7850.577276258264,14111.483324086294,1.2376772629867354,0
3yvPSorxkW5vG4RrepmaWUcydnPxR3Qtpns9x9FRpump,2026-10-01T10:51:21.450+02:00,14580.370589101221,14580.370589101221,1.2049412756665523,0
62JEzmQYBfQfj5UNuGKQwYpwhWZJAC8Pncotork1pump,2026-10-01T10:51:21.452+02:00,1487.1330904497881,11346.371138643008,1.2522866047991648,0
CaMXT8h56YcN639gsagenXyXY3gjGNXTAoJL3qZm4jkR,2026-10-01T10:51:21.453+02:00,18255.728718940663,18365.501091465845,1.055452726907041,0
6zzzG49KX5nksnqfogs31dwoMYSHaJXkropKbv1QZVga,2026-10-01T10:51:21.453+02:00,17801.998183131218,21820.444089826196,1.260395339908813,0
DWyQu5e5SZnf9KkwUv6vsT1bcqHYigUzyy7huxvWpump,2026-10-01T10:51:21.454+02:00,1026.8911410094006,9647.019396652468,1.0,0
4Jodx3ToNidzv6UxHw5xNtVhccnWwhJczL58qgUHYcBJ,2026-10-01T10:51:21.455+02:00,15039.305874670681,15380.773834913367,1.0012717689785469,0
4THHkD2iWot4h1WjU1xF1B7axVrqzXmSPwyZeYr8pump,2026-10-01T10:51:21.455+02:00,4277.530479157576,13981.729352963157,1.3104963835997874,0
A5sz7bCq4ZRyEctug1kuoiG4Go6cMoRQo2jbKVqZjDZW,2026-10-01T10:51:21.456+02:00,3424.594524403801,8251.136023318395,1.0,0
ATab7iuMHBz1t5QF6E5cV7Qg3CWn6yDgNqtDQorbpump,2026-10-01T10:51:21.457+02:00,5328.39794686879,8215.483831008896,1.0,0
zXxjDEDrm4ofdWPryF5wGWXQMshKhBSwE4GL1EYpump,2026-10-01T10:51:21.457+02:00,15800.938854226843,15800.938854226843,1.3447120024954082,0
KzPw94WEpUVFgSntAJxXqzhddDWBbrwbbLx1v2E7Knt,2026-10-01T10:51:21.458+02:00,3313.998377052485,16670.857803546824,1.0,0
BvPVRiXz9Qw5bon857g9RbWqBNPVEv9k2ipLT1cxpump,2026-10-01T10:51:21.459+02:00,3318.4082894877065,8309.197255584877,1.0,0
9XfpZm62wSzbN6XCpu3bM4HbTHwzPYEKhqnEh3vHpump,2026-10-01T10:51:21.459+02:00,17931.30142261433,18430.657761391336,1.0,0
mssMu9LKPrdJwqvqQQ6Nfjn78yfW6hVga4bCbtLpump,2026-10-01T10:51:21.460+02:00,10539.347385929432,10539.347385929432,1.0000005177712468,0
GfV1EQ7HxrXAw5po6sJUEMNrwdnPRDM3tHtnL3awpump,2026-10-01T10:51:21.462+02:00,7823.630767234135,8399.979378737044,1.0493815938749644,0
zXxjDEDrm4ofdWPryF5wGWXQMshKhBSwE4GL1EYpump,2026-10-01T10:52:40.618+02:00,15870.2732733218,15870.2732733218,1.3506125902011885,0
2GU6JT1zpigtYAk3vAVwdrvHuzbPkUSxrUkHHGpGpump,2026-10-01T10:52:40.620+02:00,11593.667295528576,11593.667295528576,1.4256803994517548,0
DZ4hBjxbSJrCNB2SVi96UrRNHPaaHKSrxsMP9HE698ro,2026-10-01T10:52:40.622+02:00,26475.10700626259,26475.10700626259,2.5378975991370503,0
7aZRnrNL5vYdqmKKHUeWgbrs4T9ePFpfsrhYom6Npump,2026-10-01T10:52:40.623+02:00,18978.549633175135,18978.549633175135,2.0702973839239136,0
EhQyoKqnjUwn1MbcEHfp7PhrFJZpTJvnu3sgxEW8pump,2026-10-01T10:52:40.625+02:00,1012.1119657924282,8602.175512351096,1.0,0
Bx4TD84C99mjr6e6m8keqHGPVpturprYSvciWssuefXi,2026-10-01T10:52:40.626+02:00,8838.741450745023,16461.819541291105,2.0012695372966385,0
5XEAPbovh3zos4b2LKR525nWiEX5spSmLAW7MfYpnrpm,2026-10-01T10:52:40.626+02:00,3556.1515687660903,8317.177162081598,1.0,0
5aJmrWcYBt8qCpqrv4m91Q62bwxfrtdX18H3ZD7Qv4SM,2026-10-01T10:52:40.627+02:00,10917.184226854984,19855.18065339386,2.0505045296411697,0
2SVkGBPF3f7zfp7v7SiSf6PSnN6DEKbCDbSo7QNkpump,2026-10-01T10:52:40.631+02:00,7662.681127840187,8134.239578794222,1.0,0
AChp6dJKCumJZmdK4ouZCmo4Pvtg63ZCJmqYiJpqpump,2026-10-01T10:52:40.632+02:00,1207.615696330322,8154.617717082147,1.0,0
3doNysdmqqku5WtggoCjw9wd3VPXTV1wwM27NrgRpump,2026-10-01T10:52:40.633+02:00,2992.0711313025095,8010.834790184163,1.0,0
DV8WPt5mPkhtH1CC9Qe6NgYMsyw16sMBUTx3YTTogift,2026-10-01T10:52:40.634+02:00,25676.00859038066,25676.00859038066,1.2948214608408177,0
GNSVBpfPjDBAxyZ8rPAhsNrZhk1qarqxeEEL2Rgzpump,2026-10-01T10:52:40.634+02:00,3705.295966938138,14111.483324086294,1.2376772629867354,0
3HvjhdGZPpiAowWH6EXhpPeyJYkcfSrSpmXE3zxSpump,2026-10-01T10:52:40.637+02:00,3050.6701023114147,8589.34254210908,1.0,0
2bN3BWx5ZqUTAd5qzRHa5htqh2rpR9b8q6r9S3BCpump,2026-10-01T10:52:40.638+02:00,5258.6324272851925,12568.52010556031,1.0,0
39AcvLK1MBEZkQfaJRiyXMXSHkco2hoHbEqzvzLApump,2026-10-01T10:52:40.639+02:00,1436.3735090228147,8314.213118865155,1.0,0
2D7HMuxmReiXNxZWY5ysujjZMQB1gV6CyQuwT7Uppump,2026-10-01T10:52:40.640+02:00,11388.804523448925,15945.855921017937,1.0,0
E7RPjc25KS22LFMgXKjwqZxK5WVwdGRKaUQRuVX6fWsY,2026-10-01T10:52:40.640+02:00,13944.276425500999,14819.436843764102,1.0,0
DWyQu5e5SZnf9KkwUv6vsT1bcqHYigUzyy7huxvWpump,2026-10-01T10:52:40.641+02:00,1018.5445944443927,9647.019396652468,1.0,0
ACjtdeAuRbHb84AJdgoUwTnrMdB9jYARxGKB1mgUpump,2026-10-01T10:52:40.642+02:00,1216.5731959612458,9463.50337471813,1.0,0
H2p4YcNmyQQ6dBPVv978a9LjpVPatRm2CQ3SedrXpump,2026-10-01T10:52:40.642+02:00,11356.481991242617,12608.585166162811,1.1392803312235344,0
Fj17TsdcBSw2BSCjqy55fvHYQbTj3mnUWaQrmaPXpump,2026-10-01T10:52:40.643+02:00,1219.9819821034907,8027.662261156365,1.0,0
Bd5nYRmvZnGy69qxzDfVqEGyKBwfGMJsRELqz2ySDNUo,2026-10-01T10:52:40.644+02:00,3679.932433442287,15673.265806981331,1.1846317791249437,0
3yvPSorxkW5vG4RrepmaWUcydnPxR3Qtpns9x9FRpump,2026-10-01T10:52:40.644+02:00,6606.982424273156,14580.370589101221,1.2049412756665523,0
56TARN6YWsxHE5qgR54zCwNhRssc6Jk3Sb7f2jRHpump,2026-10-01T10:52:40.645+02:00,3320.313908261596,12079.866792191751,1.007266189554624,0
6zzzG49KX5nksnqfogs31dwoMYSHaJXkropKbv1QZVga,2026-10-01T10:52:40.646+02:00,17614.258467801847,21820.444089826196,1.260395339908813,0
9XfpZm62wSzbN6XCpu3bM4HbTHwzPYEKhqnEh3vHpump,2026-10-01T10:52:40.646+02:00,18322.74059783886,18430.657761391336,1.0,0
93Xkc7kmST5qW7DBRUaGy3qZQYuS3zHkjW6EHiyXpump,2026-10-01T10:52:40.647+02:00,9966.310244635679,9966.310244635679,1.0,0
3Ni2jT7qDLSvn62VdPK3cJ94nc6cjLYLU5LAgyRemRuf,2026-10-01T10:57:33.443+02:00,4325.667759985663,10892.727004829794,1.0,0
CWuG3nKHHrhG7uCGEXNaeEyzrmgkYCBqDirAmkHipump,2026-10-01T10:57:33.446+02:00,36237.35028668307,36237.35028668307,3.4309897951372093,0
2SVkGBPF3f7zfp7v7SiSf6PSnN6DEKbCDbSo7QNkpump,2026-10-01T10:57:33.447+02:00,11863.390682265162,11863.390682265162,1.4584511025705158,0
BNn7YMNE3bcim416JQnsrtRVN4cd6tnxx6fsNUeApump,2026-10-01T10:57:33.448+02:00,11240.25038734544,16313.240848830901,1.0,0
8kTBrbd8uFqhZLQcLjzrNymQQ4qqrdh3sUJVHBDVpump,2026-10-01T10:57:33.449+02:00,14213.092981648655,14213.092981648655,1.4725243837534059,0
DZ4hBjxbSJrCNB2SVi96UrRNHPaaHKSrxsMP9HE698ro,2026-10-01T10:57:33.450+02:00,8923.550012695934,26475.10700626259,2.5378975991370503,0
DCUaEQztzPQJ5AyEZsfEr3J9BRfhky6wPzqx3iCcpump,2026-10-01T10:57:33.451+02:00,18084.79464671109,18084.79464671109,1.0094679941691371,0
2E2JoD4mMPMVhsfa9gr4fqmNzVM9LkFNMD8Us2GsqArH,2026-10-01T10:57:33.453+02:00,14948.356692912057,14948.356692912057,1.773485292686343,0
2GU6JT1zpigtYAk3vAVwdrvHuzbPkUSxrUkHHGpGpump,2026-10-01T10:57:33.455+02:00,11064.060345233884,11593.667295528576,1.4256803994517548,0
2Tn1Z7xDEDXLNFNMciMzyxZ7Y18DKSFBNuxed5gQ6gKH,2026-10-01T10:57:33.456+02:00,8265.094948001206,8442.542821285315,1.0,0
6zzzG49KX5nksnqfogs31dwoMYSHaJXkropKbv1QZVga,2026-10-01T10:57:33.457+02:00,16784.64286669623,21820.444089826196,1.260395339908813,0
CaMXT8h56YcN639gsagenXyXY3gjGNXTAoJL3qZm4jkR,2026-10-01T10:57:33.458+02:00,15040.899597806496,18365.501091465845,1.055452726907041,0
AhzoH4GdcAwyFAjpdo61MuyKDpLrnUaZCUSP8jeopump,2026-10-01T10:57:33.459+02:00,2600.8171971625416,9202.829460264184,1.0,0
DV8WPt5mPkhtH1CC9Qe6NgYMsyw16sMBUTx3YTTogift,2026-10-01T10:57:33.460+02:00,30320.9999401588,30320.9999401588,1.529064819341872,0
9XfpZm62wSzbN6XCpu3bM4HbTHwzPYEKhqnEh3vHpump,2026-10-01T10:57:33.461+02:00,18736.126352848612,18736.126352848612,1.0165739386739183,0
6Qc4eHZYHJev7fHVKYwi2bqdpVXWNhN67ETkyxnDjewo,2026-10-01T10:57:33.462+02:00,8589.990102336742,8589.990102336742,1.0033877957973654,0
EEZ3oEAqYiS8dLpVkgSKa5fFEQwvHWWha3Jz6mr6pump,2026-10-01T10:57:33.463+02:00,16153.277101693675,16153.277101693675,1.8160337866827103,0
7hbRB2XwmEsYrymYbREaqTmJHsXvkCin2ewE375qpump,2026-10-01T10:57:33.464+02:00,6203.298198670382,8016.481842787471,1.0,0
FkSXsMWWr1yzPGSpB7s3LAGoKki2UASo5TfCCc1CKFkA,2026-10-01T10:57:33.465+02:00,3374.3051517376443,10611.773177515715,1.0,0
zXxjDEDrm4ofdWPryF5wGWXQMshKhBSwE4GL1EYpump,2026-10-01T10:57:33.465+02:00,19025.823348783888,19025.823348783888,1.6191603075296466,0
Bx4TD84C99mjr6e6m8keqHGPVpturprYSvciWssuefXi,2026-10-01T10:57:33.466+02:00,6220.835075509881,16461.819541291105,2.0012695372966385,0
8BU1mDBcdQw4DUEioh7nAU1aeK1UXDCLicALR7gDpump,2026-10-01T10:57:33.467+02:00,4222.38599639968,8846.722266753204,1.0,0
4Jodx3ToNidzv6UxHw5xNtVhccnWwhJczL58qgUHYcBJ,2026-10-01T10:57:33.468+02:00,12151.954018702952,15380.773834913367,1.0012717689785469,0
5aJmrWcYBt8qCpqrv4m91Q62bwxfrtdX18H3ZD7Qv4SM,2026-10-01T10:57:33.469+02:00,8895.1728685059,19855.18065339386,2.0505045296411697,0
6DxJaSoqKxwKgZdwazdUCF2XemXrvjh4vzerfsNrpump,2026-10-01T10:57:33.470+02:00,7514.933258789824,8190.516382455826,1.0,0
7mKQgE1JEeJLfkYKP7ji73oyvcaTh2fBrToKA4YDpump,2026-10-01T10:57:33.471+02:00,16354.639228666201,16354.639228666201,1.0,0
Cmemvh7VGVFFKF8J6nJ5Eb9itzg65WTYoz5gCKDwpump,2026-10-01T10:57:33.474+02:00,7033.412202872569,8778.247320151422,1.0,0
2LcmEsbggUo5xbJcw8vPDveDjA4z2PqV3QbeWssXpump,2026-10-01T10:57:33.475+02:00,13427.048543235287,14683.287190564442,1.0336587373448483,0
GfV1EQ7HxrXAw5po6sJUEMNrwdnPRDM3tHtnL3awpump,2026-10-01T10:57:33.476+02:00,7395.787179120816,8399.979378737044,1.0493815938749644,0
H2p4YcNmyQQ6dBPVv978a9LjpVPatRm2CQ3SedrXpump,2026-10-01T10:57:33.476+02:00,10611.864126985893,12608.585166162811,1.1392803312235344,0
6BKXqHsrDBpmBiGPbbNVgprVFgB7QUKegvpxrYQCpump,2026-10-01T10:57:33.478+02:00,1032.1217587261344,8660.044841235504,1.0,0
F3xsqi1auBczupwZH1zdm6Jke5q4dcSLKfzz7KGCpump,2026-10-01T10:58:10.128+02:00,9016.89418242313,9016.89418242313,1.0209063700455816,0
3Ni2jT7qDLSvn62VdPK3cJ94nc6cjLYLU5LAgyRemRuf,2026-10-01T10:58:10.131+02:00,3910.6780604925007,10892.727004829794,1.0,0
7D9quxxGzkQuZHTnN3uWFMrtfitTGZrgMpQyMZ1Qo4Rw,2026-10-01T10:58:10.132+02:00,6884.306003478223,8126.839929900598,1.0,0
2GU6JT1zpigtYAk3vAVwdrvHuzbPkUSxrUkHHGpGpump,2026-10-01T10:58:10.133+02:00,14999.001905380283,14999.001905380283,1.8444364912979219,0
BkzU1zCy339CYjVpSfVq5NwhVhz3UEcCrALvHKme7yka,2026-10-01T10:58:10.134+02:00,6538.458217415162,10518.108212653735,1.0,0
6Qc4eHZYHJev7fHVKYwi2bqdpVXWNhN67ETkyxnDjewo,2026-10-01T10:58:10.135+02:00,8402.546882280149,8589.990102336742,1.0033877957973654,0
2SVkGBPF3f7zfp7v7SiSf6PSnN6DEKbCDbSo7QNkpump,2026-10-01T10:58:10.136+02:00,16346.29734326154,16346.29734326154,2.009566743752663,0
DV8WPt5mPkhtH1CC9Qe6NgYMsyw16sMBUTx3YTTogift,2026-10-01T10:58:10.137+02:00,32548.949093325064,32548.949093325064,1.6414185898676608,0
CWuG3nKHHrhG7uCGEXNaeEyzrmgkYCBqDirAmkHipump,2026-10-01T10:58:10.138+02:00,7966.687007865403,36237.35028668307,3.4309897951372093,0
2E2JoD4mMPMVhsfa9gr4fqmNzVM9LkFNMD8Us2GsqArH,2026-10-01T10:58:10.139+02:00,13708.588085137308,14948.356692912057,1.773485292686343,0
8kTBrbd8uFqhZLQcLjzrNymQQ4qqrdh3sUJVHBDVpump,2026-10-01T10:58:10.140+02:00,14334.225852493562,14334.225852493562,1.4850741578401219,0
8BU1mDBcdQw4DUEioh7nAU1aeK1UXDCLicALR7gDpump,2026-10-01T10:58:10.140+02:00,4068.690031999722,8846.722266753204,1.0,0
zXxjDEDrm4ofdWPryF5wGWXQMshKhBSwE4GL1EYpump,2026-10-01T10:58:10.141+02:00,19087.98367367126,19087.98367367126,1.6244503561606938,0
6zzzG49KX5nksnqfogs31dwoMYSHaJXkropKbv1QZVga,2026-10-01T10:58:10.141+02:00,21210.124032222666,21820.444089826196,1.260395339908813,0
CaMXT8h56YcN639gsagenXyXY3gjGNXTAoJL3qZm4jkR,2026-10-01T10:58:10.142+02:00,15781.077308929147,18365.501091465845,1.055452726907041,0
2LcmEsbggUo5xbJcw8vPDveDjA4z2PqV3QbeWssXpump,2026-10-01T10:58:10.143+02:00,13484.046576195396,14683.287190564442,1.0336587373448483,0
2Tn1Z7xDEDXLNFNMciMzyxZ7Y18DKSFBNuxed5gQ6gKH,2026-10-01T10:58:10.144+02:00,9590.36060521612,9590.36060521612,1.1359564065268262,0
DZ4hBjxbSJrCNB2SVi96UrRNHPaaHKSrxsMP9HE698ro,2026-10-01T10:58:10.145+02:00,8492.993401887234,26475.10700626259,2.5378975991370503,0
4Jodx3ToNidzv6UxHw5xNtVhccnWwhJczL58qgUHYcBJ,2026-10-01T10:58:10.146+02:00,12754.682512471863,15380.773834913367,1.0012717689785469,0
BNn7YMNE3bcim416JQnsrtRVN4cd6tnxx6fsNUeApump,2026-10-01T10:58:10.146+02:00,7462.797384505393,16313.240848830901,1.0,0
DCUaEQztzPQJ5AyEZsfEr3J9BRfhky6wPzqx3iCcpump,2026-10-01T10:58:10.148+02:00,7310.739420063328,18084.79464671109,1.0094679941691371,0
Bx4TD84C99mjr6e6m8keqHGPVpturprYSvciWssuefXi,2026-10-01T10:58:10.150+02:00,6068.781658541327,16461.819541291105,2.0012695372966385,0
H2p4YcNmyQQ6dBPVv978a9LjpVPatRm2CQ3SedrXpump,2026-10-01T10:58:10.151+02:00,10291.040780430194,12608.585166162811,1.1392803312235344,0
3sUYxWxf6Ggbtd1ZTij6B3TL5eWfjpXLF7y3BJuDpump,2026-10-01T10:58:10.152+02:00,12075.784979970194,12075.784979970194,1.0317768661318638,0
EEZ3oEAqYiS8dLpVkgSKa5fFEQwvHWWha3Jz6mr6pump,2026-10-01T10:58:10.153+02:00,21148.216546862386,21148.216546862386,2.377590351196141,0
AhzoH4GdcAwyFAjpdo61MuyKDpLrnUaZCUSP8jeopump,2026-10-01T10:58:10.154+02:00,1182.8276456071762,9202.829460264184,1.0,0
2mxYZV6tUXVpYzXNXkXsb8PL3dh7cBMmm9zzGVxSpump,2026-10-01T10:58:10.154+02:00,12678.78178623505,12678.785424213856,1.0,0
AXb4kBBEJxJbZnvdoUNicmmLS9NNEVLZ4riUuYZTuDBX,2026-10-01T10:58:10.155+02:00,3875.8935261284932,8172.5456766434945,1.0,0
5aJmrWcYBt8qCpqrv4m91Q62bwxfrtdX18H3ZD7Qv4SM,2026-10-01T10:58:10.156+02:00,8189.679647330055,19855.18065339386,2.0505045296411697,0
9XfpZm62wSzbN6XCpu3bM4HbTHwzPYEKhqnEh3vHpump,2026-10-01T10:58:10.157+02:00,18736.119077940257,18736.126352848612,1.0165739386739183,0
DZ4hBjxbSJrCNB2SVi96UrRNHPaaHKSrxsMP9HE698ro,2026-10-01T10:58:48.275+02:00,8510.399311489764,26475.10700626259,2.5378975991370503,0
2GU6JT1zpigtYAk3vAVwdrvHuzbPkUSxrUkHHGpGpump,2026-10-01T10:58:48.277+02:00,15895.820979494601,15895.820979494601,1.9547188845413759,0
8kTBrbd8uFqhZLQcLjzrNymQQ4qqrdh3sUJVHBDVpump,2026-10-01T10:58:48.278+02:00,7956.537046985549,14334.225852493562,1.4850741578401219,0
2SVkGBPF3f7zfp7v7SiSf6PSnN6DEKbCDbSo7QNkpump,2026-10-01T10:58:48.279+02:00,14012.375686434098,16346.29734326154,2.009566743752663,0
3Ni2jT7qDLSvn62VdPK3cJ94nc6cjLYLU5LAgyRemRuf,2026-10-01T10:58:48.280+02:00,3974.605078838067,10892.727004829794,1.0,0
7D9quxxGzkQuZHTnN3uWFMrtfitTGZrgMpQyMZ1Qo4Rw,2026-10-01T10:58:48.281+02:00,7346.530765054851,8126.839929900598,1.0,0
F3xsqi1auBczupwZH1zdm6Jke5q4dcSLKfzz7KGCpump,2026-10-01T10:58:48.282+02:00,9636.840331950225,9636.840331950225,1.0910976088838042,0
2E2JoD4mMPMVhsfa9gr4fqmNzVM9LkFNMD8Us2GsqArH,2026-10-01T10:58:48.282+02:00,12768.61712540267,14948.356692912057,1.773485292686343,0
5aJmrWcYBt8qCpqrv4m91Q62bwxfrtdX18H3ZD7Qv4SM,2026-10-01T10:58:48.283+02:00,6462.938472395653,19855.18065339386,2.0505045296411697,0
6Qc4eHZYHJev7fHVKYwi2bqdpVXWNhN67ETkyxnDjewo,2026-10-01T10:58:48.284+02:00,10518.786439206451,10518.786439206451,1.2286884867105319,0
DV8WPt5mPkhtH1CC9Qe6NgYMsyw16sMBUTx3YTTogift,2026-10-01T10:58:48.285+02:00,32118.972740136087,32548.949093325064,1.6414185898676608,0
DCUaEQztzPQJ5AyEZsfEr3J9BRfhky6wPzqx3iCcpump,2026-10-01T10:58:48.286+02:00,8881.022040441167,18084.79464671109,1.0094679941691371,0
CWuG3nKHHrhG7uCGEXNaeEyzrmgkYCBqDirAmkHipump,2026-10-01T10:58:48.287+02:00,1014.0959147975082,36237.35028668307,3.4309897951372093,0
8BU1mDBcdQw4DUEioh7nAU1aeK1UXDCLicALR7gDpump,2026-10-01T10:58:48.288+02:00,6611.710887227673,8846.722266753204,1.0,0
2Tn1Z7xDEDXLNFNMciMzyxZ7Y18DKSFBNuxed5gQ6gKH,2026-10-01T10:58:48.289+02:00,12490.379958762787,12490.379958762787,1.479457104709268,0
7hbRB2XwmEsYrymYbREaqTmJHsXvkCin2ewE375qpump,2026-10-01T10:58:48.289+02:00,5977.57662035292,8016.481842787471,1.0,0
Cmemvh7VGVFFKF8J6nJ5Eb9itzg65WTYoz5gCKDwpump,2026-10-01T10:58:48.290+02:00,7495.072168239858,8778.247320151422,1.0,0
FkSXsMWWr1yzPGSpB7s3LAGoKki2UASo5TfCCc1CKFkA,2026-10-01T10:58:48.291+02:00,3368.387524460559,10611.773177515715,1.0,0
zXxjDEDrm4ofdWPryF5wGWXQMshKhBSwE4GL1EYpump,2026-10-01T10:58:48.292+02:00,18319.889932172373,19087.98367367126,1.6244503561606938,0
6zzzG49KX5nksnqfogs31dwoMYSHaJXkropKbv1QZVga,2026-10-01T10:58:48.293+02:00,20887.02967739664,21820.444089826196,1.260395339908813,0
2LcmEsbggUo5xbJcw8vPDveDjA4z2PqV3QbeWssXpump,2026-10-01T10:58:48.294+02:00,13657.007002620958,14683.287190564442,1.0336587373448483,0
D3tfmEAMDm6c2twi8rE4Jb73swJoAXHLw738snDnpump,2026-10-01T10:58:48.295+02:00,18426.086171530187,18426.086171530187,1.253719816520983,0
EuCJSuUX7pYFSFwbqFLHxT6dEuRuyB2C7RuoxNQhpump,2026-10-01T10:58:48.296+02:00,10355.663107475266,10355.663107475266,1.0820120635015362,0
AhzoH4GdcAwyFAjpdo61MuyKDpLrnUaZCUSP8jeopump,2026-10-01T10:58:48.297+02:00,1025.9280998070608,9202.829460264184,1.0,0
BJj1fpatEECwSnt9c9kzyMjK3WwoU6gnXD2EwBCqpump,2026-10-01T10:58:48.298+02:00,8255.653483502101,8469.609383610077,1.0,0
GeGbkLTqwg1gqp6kJrFf3A6sCHyTKf6Rt9VGhh3Gpump,2026-10-01T10:58:48.299+02:00,3296.3332614599494,15356.312360381708,1.6045329429490642,0
GKwJkuLLDg8bjiWaGxaSiuycaNDksXTv7vqvCq1gpump,2026-10-01T10:58:48.300+02:00,12721.166967821773,12721.166967821773,1.0,0
Bx4TD84C99mjr6e6m8keqHGPVpturprYSvciWssuefXi,2026-10-01T10:58:48.301+02:00,6190.648946358037,16461.819541291105,2.0012695372966385,0
Ft77Mzda3V4aNPryabgRQKsukkAEEiHjUrjV1fRxpump,2026-10-01T10:58:48.301+02:00,14500.728866551042,18866.183381760493,1.0,0
CaMXT8h56YcN639gsagenXyXY3gjGNXTAoJL3qZm4jkR,2026-10-01T10:58:48.302+02:00,15468.549463548326,18365.501091465845,1.055452726907041,0
27x37KmyRQJRVrD3cra6iEdpDcME4vPKziDXkb9xpump,2026-10-01T10:58:48.303+02:00,13439.094800560257,15999.356037355014,1.0016818185597014,0
Bd5nYRmvZnGy69qxzDfVqEGyKBwfGMJsRELqz2ySDNUo,2026-10-01T10:58:48.304+02:00,3524.5193430453883,15673.265806981331,1.1846317791249437,0
F3xsqi1auBczupwZH1zdm6Jke5q4dcSLKfzz7KGCpump,2026-10-01T10:59:17.033+02:00,8733.888535061851,9636.840331950225,1.0910976088838042,0
DV8WPt5mPkhtH1CC9Qe6NgYMsyw16sMBUTx3YTTogift,2026-10-01T10:59:17.035+02:00,35875.90254028328,35875.90254028328,1.8091943057534126,0
DN1teQxnAw3at413mbqh9CyiRppZMXPSJ1DCDQBjpump,2026-10-01T10:59:17.036+02:00,1723.3750213563326,8101.159437501337,1.0,0
DCUaEQztzPQJ5AyEZsfEr3J9BRfhky6wPzqx3iCcpump,2026-10-01T10:59:17.039+02:00,9970.134669856634,18084.79464671109,1.0094679941691371,0
R1pnVQ2B5A8ub92K4bVsjUysZ6JsMfj9hGsovmHpump,2026-10-01T10:59:17.041+02:00,9228.281669493299,9228.281669493299,1.0974668043051543,0
2GU6JT1zpigtYAk3vAVwdrvHuzbPkUSxrUkHHGpGpump,2026-10-01T10:59:17.042+02:00,14899.37312726397,15895.820979494601,1.9547188845413759,0
2Tn1Z7xDEDXLNFNMciMzyxZ7Y18DKSFBNuxed5gQ6gKH,2026-10-01T10:59:17.043+02:00,11151.592843816616,12490.379958762787,1.479457104709268,0
5aJmrWcYBt8qCpqrv4m91Q62bwxfrtdX18H3ZD7Qv4SM,2026-10-01T10:59:17.044+02:00,6478.586783487007,19855.18065339386,2.0505045296411697,0
CFV19h3KWpbwLRaE8wYMcJPHDBUQoeooQTfFpMYXpump,2026-10-01T10:59:17.045+02:00,8869.443263392895,9129.51600184897,1.0,0
zXxjDEDrm4ofdWPryF5wGWXQMshKhBSwE4GL1EYpump,2026-10-01T10:59:17.045+02:00,17194.743122672662,19087.98367367126,1.6244503561606938,0
8kTBrbd8uFqhZLQcLjzrNymQQ4qqrdh3sUJVHBDVpump,2026-10-01T10:59:17.046+02:00,4221.621111351208,14334.225852493562,1.4850741578401219,0
27PYvsbwEh59GEvD5AHNiEMHasFouZ9soQrvwjuipump,2026-10-01T10:59:17.047+02:00,18677.739024013626,18677.739024013626,1.563122522652403,0
4Jodx3ToNidzv6UxHw5xNtVhccnWwhJczL58qgUHYcBJ,2026-10-01T10:59:17.047+02:00,13794.780633472737,15380.773834913367,1.0012717689785469,0
Bx4TD84C99mjr6e6m8keqHGPVpturprYSvciWssuefXi,2026-10-01T10:59:17.048+02:00,6882.738944113857,16461.819541291105,2.0012695372966385,0
7D9quxxGzkQuZHTnN3uWFMrtfitTGZrgMpQyMZ1Qo4Rw,2026-10-01T10:59:17.049+02:00,7617.302799182311,8126.839929900598,1.0,0
2SVkGBPF3f7zfp7v7SiSf6PSnN6DEKbCDbSo7QNkpump,2026-10-01T10:59:17.049+02:00,15338.198863901198,16346.29734326154,2.009566743752663,0
3Ni2jT7qDLSvn62VdPK3cJ94nc6cjLYLU5LAgyRemRuf,2026-10-01T10:59:17.050+02:00,4040.0454963673837,10892.727004829794,1.0,0
2E2JoD4mMPMVhsfa9gr4fqmNzVM9LkFNMD8Us2GsqArH,2026-10-01T10:59:17.050+02:00,14874.372936901636,14948.356692912057,1.773485292686343,0
8BU1mDBcdQw4DUEioh7nAU1aeK1UXDCLicALR7gDpump,2026-10-01T10:59:17.051+02:00,6579.354703717399,8846.722266753204,1.0,0
6zzzG49KX5nksnqfogs31dwoMYSHaJXkropKbv1QZVga,2026-10-01T10:59:17.052+02:00,21259.89158230368,21820.444089826196,1.260395339908813,0
6Qc4eHZYHJev7fHVKYwi2bqdpVXWNhN67ETkyxnDjewo,2026-10-01T10:59:17.053+02:00,8507.529855705798,10518.786439206451,1.2286884867105319,0
E1n8xTSqsy6K89mbGNKtFg6HfCneVe6tiTWrAMZopump,2026-10-01T10:59:17.053+02:00,14436.762285185978,14436.762285185978,1.267807860200624,0
DZ4hBjxbSJrCNB2SVi96UrRNHPaaHKSrxsMP9HE698ro,2026-10-01T10:59:17.054+02:00,8285.726835310801,26475.10700626259,2.5378975991370503,0
CaMXT8h56YcN639gsagenXyXY3gjGNXTAoJL3qZm4jkR,2026-10-01T10:59:17.055+02:00,16441.05759623887,18365.501091465845,1.055452726907041,0
2LcmEsbggUo5xbJcw8vPDveDjA4z2PqV3QbeWssXpump,2026-10-01T10:59:17.057+02:00,13541.889529733453,14683.287190564442,1.0336587373448483,0
H2p4YcNmyQQ6dBPVv978a9LjpVPatRm2CQ3SedrXpump,2026-10-01T10:59:17.057+02:00,10132.48402159661,12608.585166162811,1.1392803312235344,0
BkzU1zCy339CYjVpSfVq5NwhVhz3UEcCrALvHKme7yka,2026-10-01T10:59:17.058+02:00,6546.762771580909,10518.108212653735,1.0,0
7hbRB2XwmEsYrymYbREaqTmJHsXvkCin2ewE375qpump,2026-10-01T10:59:17.059+02:00,5811.341452499619,8016.481842787471,1.0,0
Bd5nYRmvZnGy69qxzDfVqEGyKBwfGMJsRELqz2ySDNUo,2026-10-01T10:59:17.060+02:00,3529.8915008750855,15673.265806981331,1.1846317791249437,0
721tpQLfcd5SQBppPpgWw3eumUKYMUnGdmncUHyZpump,2026-10-01T10:59:17.060+02:00,14278.052731242497,14278.052731242497,1.0,0
Cmemvh7VGVFFKF8J6nJ5Eb9itzg65WTYoz5gCKDwpump,2026-10-01T10:59:17.061+02:00,8268.410056189168,8778.247320151422,1.0,0
7tsWw4NkT6Y51jppd3rgMY3FqfrVsAkGaKPL9fuwpump,2026-10-01T10:59:17.062+02:00,9357.12523641996,9357.12523641996,1.0,0
EC1eBL3b16AN6zb26RcrE5CEnhuiUZR44NmR2Nqjpump,2026-10-01T16:34:14.291+02:00,18441.11791417874,19494.169464451243,1.0,0
Fs5s6CM2B8Eym5deiB6jK3o6MXMsdaVVbgeLNM2Apump,2026-10-01T16:34:41.489+02:00,13321.310895804025,13321.310895804025,1.2475802000362823,0
DZ4hBjxbSJrCNB2SVi96UrRNHPaaHKSrxsMP9HE698ro,2026-10-01T16:35:59.010+02:00,6444.633734092401,10431.905138830189,1.0,0
5aJmrWcYBt8qCpqrv4m91Q62bwxfrtdX18H3ZD7Qv4SM,2026-10-01T16:36:20.132+02:00,27935.15398421213,27935.15398421213,2.884947801825184,0
5aJmrWcYBt8qCpqrv4m91Q62bwxfrtdX18H3ZD7Qv4SM,2026-10-01T16:36:49.866+02:00,28446.920254255376,28446.920254255376,2.9377994516368853,0
E7RPjc25KS22LFMgXKjwqZxK5WVwdGRKaUQRuVX6fWsY,2026-10-01T16:37:08.699+02:00,9643.71644024602,14819.436843764102,1.0,0
5yivTC18j3ZTzFZF4RHRWBzqgPPMN5vuEkv77GPEXgqg,2026-10-01T16:38:00.873+02:00,14116.755634758172,16959.792684635082,1.0,0
2GU6JT1zpigtYAk3vAVwdrvHuzbPkUSxrUkHHGpGpump,2026-10-01T16:38:00.876+02:00,6573.995287570968,8132.0240497007035,1.0,0
27PYvsbwEh59GEvD5AHNiEMHasFouZ9soQrvwjuipump,2026-10-01T16:38:28.983+02:00,17175.605770383998,17175.605770383998,1.437410394554093,0
5aJmrWcYBt8qCpqrv4m91Q62bwxfrtdX18H3ZD7Qv4SM,2026-10-01T16:39:14.711+02:00,30173.637302431576,30173.637302431576,3.1161227411854355,0
Fs5s6CM2B8Eym5deiB6jK3o6MXMsdaVVbgeLNM2Apump,2026-10-01T16:39:14.714+02:00,15315.752752621032,15315.752752621032,1.4343655840086844,0
27x37KmyRQJRVrD3cra6iEdpDcME4vPKziDXkb9xpump,2026-10-01T16:42:07.364+02:00,13980.51095273915,15972.493201843448,1.0,0
5aJmrWcYBt8qCpqrv4m91Q62bwxfrtdX18H3ZD7Qv4SM,2026-10-01T16:43:30.973+02:00,26831.593355492165,26831.593355492165,2.7709797595582324,0
DV8WPt5mPkhtH1CC9Qe6NgYMsyw16sMBUTx3YTTogift,2026-10-01T16:44:11.559+02:00,4930.761796234425,19829.76755243726,1.0,0
EC1eBL3b16AN6zb26RcrE5CEnhuiUZR44NmR2Nqjpump,2026-10-01T16:44:11.561+02:00,17153.45516446995,19494.169464451243,1.0,0
5aJmrWcYBt8qCpqrv4m91Q62bwxfrtdX18H3ZD7Qv4SM,2026-10-01T16:44:25.083+02:00,26457.305730635824,26457.305730635824,2.732325945042303,0
5aJmrWcYBt8qCpqrv4m91Q62bwxfrtdX18H3ZD7Qv4SM,2026-10-01T16:45:39.875+02:00,27068.00182495824,27068.00182495824,2.7953943768789196,0
5aJmrWcYBt8qCpqrv4m91Q62bwxfrtdX18H3ZD7Qv4SM,2026-10-01T16:46:29.902+02:00,27773.230155516838,27773.230155516838,2.868225438529044,0
2SVkGBPF3f7zfp7v7SiSf6PSnN6DEKbCDbSo7QNkpump,2026-10-01T16:49:48.033+02:00,20391.56075828544,20391.56075828544,2.5068797839992043,0
5yivTC18j3ZTzFZF4RHRWBzqgPPMN5vuEkv77GPEXgqg,2026-10-01T16:50:08.328+02:00,10267.26883729073,16959.792684635082,1.0,0
5aJmrWcYBt8qCpqrv4m91Q62bwxfrtdX18H3ZD7Qv4SM,2026-10-01T16:50:35.948+02:00,29702.703293229704,29702.703293229704,3.067487962389532,0
6zzzG49KX5nksnqfogs31dwoMYSHaJXkropKbv1QZVga,2026-10-01T16:50:58.373+02:00,63094.89480860645,63094.89480860645,3.644495550202056,0
5aJmrWcYBt8qCpqrv4m91Q62bwxfrtdX18H3ZD7Qv4SM,2026-10-01T16:51:58.038+02:00,30181.0194486369,30181.0194486369,3.116885117740791,0
27x37KmyRQJRVrD3cra6iEdpDcME4vPKziDXkb9xpump,2026-10-01T16:55:35.411+02:00,12932.170367366538,15972.493201843448,1.0,0
6zzzG49KX5nksnqfogs31dwoMYSHaJXkropKbv1QZVga,2026-10-01T16:56:45.386+02:00,52243.685232125245,52243.685232125245,3.017706566152569,0
6zzzG49KX5nksnqfogs31dwoMYSHaJXkropKbv1QZVga,2026-10-01T16:57:02.655+02:00,52275.40108110479,52275.40108110479,3.019538541161442,0
DV8WPt5mPkhtH1CC9Qe6NgYMsyw16sMBUTx3YTTogift,2026-10-01T16:57:02.657+02:00,4908.690758932394,19829.76755243726,1.0,0
5aJmrWcYBt8qCpqrv4m91Q62bwxfrtdX18H3ZD7Qv4SM,2026-10-01T16:57:23.243+02:00,37468.08275205052,37468.08275205052,3.86944217437364,0
E7RPjc25KS22LFMgXKjwqZxK5WVwdGRKaUQRuVX6fWsY,2026-10-01T19:02:39.154+02:00,7072.560130297096,14819.436843764102,1.0,0
2SVkGBPF3f7zfp7v7SiSf6PSnN6DEKbCDbSo7QNkpump,2026-10-01T19:04:59.745+02:00,12515.235666564113,12515.235666564113,1.5385870486518554,0
Fs5s6CM2B8Eym5deiB6jK3o6MXMsdaVVbgeLNM2Apump,2026-10-01T19:10:49.179+02:00,18551.868482528127,18551.868482528127,1.737437401882835,0
27PYvsbwEh59GEvD5AHNiEMHasFouZ9soQrvwjuipump,2026-10-01T19:10:49.181+02:00,14910.997478742249,14910.997478742249,1.2478874431358582,0
DZ4hBjxbSJrCNB2SVi96UrRNHPaaHKSrxsMP9HE698ro,2026-10-01T19:19:53.770+02:00,5663.759857572981,10431.905138830189,1.0,0
6zzzG49KX5nksnqfogs31dwoMYSHaJXkropKbv1QZVga,2026-10-01T19:21:55.801+02:00,39001.42716620734,39001.42716620734,2.252805527134084,0
2SVkGBPF3f7zfp7v7SiSf6PSnN6DEKbCDbSo7QNkpump,2026-10-01T19:22:35.406+02:00,11924.997375829164,11924.997375829164,1.466024852146888,0
9XfpZm62wSzbN6XCpu3bM4HbTHwzPYEKhqnEh3vHpump,2026-10-01T19:23:31.505+02:00,10539.096506491118,18430.657761391336,1.0,0
zXxjDEDrm4ofdWPryF5wGWXQMshKhBSwE4GL1EYpump,2026-10-01T19:27:53.183+02:00,5358.123429608624,11750.425983336754,1.0,0
CaMXT8h56YcN639gsagenXyXY3gjGNXTAoJL3qZm4jkR,2026-10-01T19:29:11.339+02:00,3828.989024431969,17400.590877513914,1.0,0
2SVkGBPF3f7zfp7v7SiSf6PSnN6DEKbCDbSo7QNkpump,2026-10-01T19:32:52.482+02:00,11631.914318118363,11924.997375829164,1.466024852146888,0
2GU6JT1zpigtYAk3vAVwdrvHuzbPkUSxrUkHHGpGpump,2026-10-01T23:51:19.694+02:00,7112.832614428951,8132.0240497007035,1.0,0
2GU6JT1zpigtYAk3vAVwdrvHuzbPkUSxrUkHHGpGpump,2026-10-01T23:53:15.188+02:00,9945.656393316567,9945.656393316567,1.2230234849935808,0
2GU6JT1zpigtYAk3vAVwdrvHuzbPkUSxrUkHHGpGpump,2026-10-01T23:54:46.872+02:00,12203.66778295206,12203.66778295206,1.5006925346465512,0
2GU6JT1zpigtYAk3vAVwdrvHuzbPkUSxrUkHHGpGpump,2026-10-01T23:55:23.052+02:00,11060.578525319355,12203.66778295206,1.5006925346465512,0
7hbRB2XwmEsYrymYbREaqTmJHsXvkCin2ewE375qpump,2026-10-01T23:56:05.742+02:00,4712.858290467332,8016.481842787471,1.0,0
27x37KmyRQJRVrD3cra6iEdpDcME4vPKziDXkb9xpump,2026-10-01T23:56:29.106+02:00,5560.252908705238,15972.493201843448,1.0,0
2GU6JT1zpigtYAk3vAVwdrvHuzbPkUSxrUkHHGpGpump,2026-10-01T23:56:29.108+02:00,10353.458908492436,12203.66778295206,1.5006925346465512,0
2SVkGBPF3f7zfp7v7SiSf6PSnN6DEKbCDbSo7QNkpump,2026-10-02T00:00:53.979+02:00,4162.903402574304,8134.239578794222,1.0,0
2GU6JT1zpigtYAk3vAVwdrvHuzbPkUSxrUkHHGpGpump,2026-10-02T00:02:00.217+02:00,11314.229655945504,12203.66778295206,1.5006925346465512,0
2GU6JT1zpigtYAk3vAVwdrvHuzbPkUSxrUkHHGpGpump,2026-10-02T00:03:19.082+02:00,10267.725423416976,12203.66778295206,1.5006925346465512,0
2D7HMuxmReiXNxZWY5ysujjZMQB1gV6CyQuwT7Uppump,2026-10-02T00:03:19.084+02:00,13640.202716748528,15945.855921017937,1.0,0
2SVkGBPF3f7zfp7v7SiSf6PSnN6DEKbCDbSo7QNkpump,2026-10-02T00:09:26.164+02:00,4149.518843374646,8134.239578794222,1.0,0
2GU6JT1zpigtYAk3vAVwdrvHuzbPkUSxrUkHHGpGpump,2026-10-02T00:18:01.974+02:00,8762.288566238536,12203.66778295206,1.5006925346465512,0
9XfpZm62wSzbN6XCpu3bM4HbTHwzPYEKhqnEh3vHpump,2026-10-02T00:20:03.634+02:00,8482.83349282234,18430.657761391336,1.0,0
2GU6JT1zpigtYAk3vAVwdrvHuzbPkUSxrUkHHGpGpump,2026-10-02T00:24:59.444+02:00,8926.298781862848,12203.66778295206,1.5006925346465512,0
9XfpZm62wSzbN6XCpu3bM4HbTHwzPYEKhqnEh3vHpump,2026-10-02T00:27:31.619+02:00,7394.922178006875,18430.657761391336,1.0,0
Fs5s6CM2B8Eym5deiB6jK3o6MXMsdaVVbgeLNM2Apump,2026-10-02T00:38:02.323+02:00,17808.158796138894,17808.158796138894,1.6677867881728394,0
2GU6JT1zpigtYAk3vAVwdrvHuzbPkUSxrUkHHGpGpump,2026-10-02T00:41:21.218+02:00,10721.563719875048,12203.66778295206,1.5006925346465512,0
2GU6JT1zpigtYAk3vAVwdrvHuzbPkUSxrUkHHGpGpump,2026-10-02T00:44:09.669+02:00,10063.478224637627,12203.66778295206,1.5006925346465512,0
GfV1EQ7HxrXAw5po6sJUEMNrwdnPRDM3tHtnL3awpump,2026-10-02T00:52:48.589+02:00,9022.345010748393,9022.345010748393,1.1271316703270884,0
2D7HMuxmReiXNxZWY5ysujjZMQB1gV6CyQuwT7Uppump,2026-10-02T00:55:18.372+02:00,15185.821695897852,15945.855921017937,1.0,0
6zzzG49KX5nksnqfogs31dwoMYSHaJXkropKbv1QZVga,2026-10-02T00:58:23.914+02:00,27153.791612701512,27153.791612701512,1.5684608557284685,0
2GU6JT1zpigtYAk3vAVwdrvHuzbPkUSxrUkHHGpGpump,2026-10-02T01:06:43.752+02:00,9867.432411280688,12203.66778295206,1.5006925346465512,0
6zzzG49KX5nksnqfogs31dwoMYSHaJXkropKbv1QZVga,2026-10-02T01:06:43.755+02:00,30109.41373410884,30109.41373410884,1.739183886525541,0
GfV1EQ7HxrXAw5po6sJUEMNrwdnPRDM3tHtnL3awpump,2026-10-02T01:08:47.878+02:00,8547.43257158223,9022.345010748393,1.1271316703270884,0
2GU6JT1zpigtYAk3vAVwdrvHuzbPkUSxrUkHHGpGpump,2026-10-02T01:08:47.881+02:00,11522.001898479843,12203.66778295206,1.5006925346465512,0
2GU6JT1zpigtYAk3vAVwdrvHuzbPkUSxrUkHHGpGpump,2026-10-02T01:09:35.031+02:00,11276.525647172804,12203.66778295206,1.5006925346465512,0
2GU6JT1zpigtYAk3vAVwdrvHuzbPkUSxrUkHHGpGpump,2026-10-02T01:09:58.391+02:00,10094.297739199299,12203.66778295206,1.5006925346465512,0
6zzzG49KX5nksnqfogs31dwoMYSHaJXkropKbv1QZVga,2026-10-02T01:11:27.989+02:00,30053.830592528037,30109.41373410884,1.739183886525541,0
2GU6JT1zpigtYAk3vAVwdrvHuzbPkUSxrUkHHGpGpump,2026-10-02T01:14:14.484+02:00,9734.983364757332,12203.66778295206,1.5006925346465512,0
6zzzG49KX5nksnqfogs31dwoMYSHaJXkropKbv1QZVga,2026-10-02T01:16:56.870+02:00,31652.864626547438,31652.864626547438,1.8283368984532282,0
2GU6JT1zpigtYAk3vAVwdrvHuzbPkUSxrUkHHGpGpump,2026-10-02T01:22:27.408+02:00,10754.584257469427,12203.66778295206,1.5006925346465512,0
2GU6JT1zpigtYAk3vAVwdrvHuzbPkUSxrUkHHGpGpump,2026-10-02T01:22:44.677+02:00,10250.734140810315,12203.66778295206,1.5006925346465512,0
6zzzG49KX5nksnqfogs31dwoMYSHaJXkropKbv1QZVga,2026-10-02T01:29:23.717+02:00,33112.09154504182,33112.09154504182,1.9126249542035392,0
5aJmrWcYBt8qCpqrv4m91Q62bwxfrtdX18H3ZD7Qv4SM,2026-10-02T01:35:28.383+02:00,9731.98373233037,9731.98373233037,1.0050513804882752,0
5yivTC18j3ZTzFZF4RHRWBzqgPPMN5vuEkv77GPEXgqg,2026-10-02T01:36:04.583+02:00,6364.82186290938,16959.792684635082,1.0,0
DZ4hBjxbSJrCNB2SVi96UrRNHPaaHKSrxsMP9HE698ro,2026-10-02T01:42:00.594+02:00,6989.071839928133,10431.905138830189,1.0,0
EC1eBL3b16AN6zb26RcrE5CEnhuiUZR44NmR2Nqjpump,2026-10-02T01:46:44.492+02:00,5080.147141964847,19494.169464451243,1.0,0
EC1eBL3b16AN6zb26RcrE5CEnhuiUZR44NmR2Nqjpump,2026-10-02T01:51:16.387+02:00,5069.551236365311,19494.169464451243,1.0,0
6zzzG49KX5nksnqfogs31dwoMYSHaJXkropKbv1QZVga,2026-10-02T01:59:15.894+02:00,35859.36928560902,35859.36928560902,2.0713135696777116,0
2GU6JT1zpigtYAk3vAVwdrvHuzbPkUSxrUkHHGpGpump,2026-10-02T02:00:33.773+02:00,8304.589908523927,12203.66778295206,1.5006925346465512,0
6zzzG49KX5nksnqfogs31dwoMYSHaJXkropKbv1QZVga,2026-10-02T02:02:20.186+02:00,38580.87749346647,38580.87749346647,2.228513682039606,0
2GU6JT1zpigtYAk3vAVwdrvHuzbPkUSxrUkHHGpGpump,2026-10-02T02:03:06.980+02:00,8305.780218544305,12203.66778295206,1.5006925346465512,0
DZ4hBjxbSJrCNB2SVi96UrRNHPaaHKSrxsMP9HE698ro,2026-10-02T02:03:47.660+02:00,5989.037758482412,10431.905138830189,1.0,0
6zzzG49KX5nksnqfogs31dwoMYSHaJXkropKbv1QZVga,2026-10-02T02:06:32.312+02:00,38069.197836263476,38580.87749346647,2.228513682039606,0
9XfpZm62wSzbN6XCpu3bM4HbTHwzPYEKhqnEh3vHpump,2026-10-02T02:09:43.052+02:00,7010.990897055671,18430.657761391336,1.0,0
5yivTC18j3ZTzFZF4RHRWBzqgPPMN5vuEkv77GPEXgqg,2026-10-02T02:13:05.368+02:00,8026.540958516867,16959.792684635082,1.0,0
2GU6JT1zpigtYAk3vAVwdrvHuzbPkUSxrUkHHGpGpump,2026-10-02T02:13:05.372+02:00,7953.750861765071,12203.66778295206,1.5006925346465512,0
27PYvsbwEh59GEvD5AHNiEMHasFouZ9soQrvwjuipump,2026-10-02T02:19:22.654+02:00,17577.018936219258,17577.018936219258,1.4710042872409748,0
27PYvsbwEh59GEvD5AHNiEMHasFouZ9soQrvwjuipump,2026-10-02T02:20:41.586+02:00,17593.58969030496,17593.58969030496,1.472391078163334,0
6zzzG49KX5nksnqfogs31dwoMYSHaJXkropKbv1QZVga,2026-10-02T02:22:09.314+02:00,42590.01420606313,42590.01420606313,2.4600899601764104,0
6zzzG49KX5nksnqfogs31dwoMYSHaJXkropKbv1QZVga,2026-10-02T02:26:27.795+02:00,46046.10520260593,46046.10520260593,2.6597211394691525,0
Fs5s6CM2B8Eym5deiB6jK3o6MXMsdaVVbgeLNM2Apump,2026-10-02T02:29:55.342+02:00,14974.752283365257,17808.158796138894,1.6677867881728394,0
2GU6JT1zpigtYAk3vAVwdrvHuzbPkUSxrUkHHGpGpump,2026-10-02T02:39:24.184+02:00,8857.59703827943,12203.66778295206,1.5006925346465512,0
5aJmrWcYBt8qCpqrv4m91Q62bwxfrtdX18H3ZD7Qv4SM,2026-10-02T02:40:30.984+02:00,10698.496667320986,10698.496667320986,1.1048660931192724,0
6zzzG49KX5nksnqfogs31dwoMYSHaJXkropKbv1QZVga,2026-10-02T02:42:33.320+02:00,48765.84310003114,48765.84310003114,2.8168189949287674,0
6zzzG49KX5nksnqfogs31dwoMYSHaJXkropKbv1QZVga,2026-10-02T02:53:33.195+02:00,47466.060092262116,48765.84310003114,2.8168189949287674,0
6zzzG49KX5nksnqfogs31dwoMYSHaJXkropKbv1QZVga,2026-10-02T02:53:56.557+02:00,50032.519939618,50032.519939618,2.889984947886163,0
5aJmrWcYBt8qCpqrv4m91Q62bwxfrtdX18H3ZD7Qv4SM,2026-10-02T02:55:06.786+02:00,11105.59702437841,11105.59702437841,1.1469085776847352,0
9XfpZm62wSzbN6XCpu3bM4HbTHwzPYEKhqnEh3vHpump,2026-10-02T03:04:40.677+02:00,8337.008249328548,18430.657761391336,1.0,0
2D7HMuxmReiXNxZWY5ysujjZMQB1gV6CyQuwT7Uppump,2026-10-02T03:06:51.224+02:00,14239.803208486095,15945.855921017937,1.0,0
9XfpZm62wSzbN6XCpu3bM4HbTHwzPYEKhqnEh3vHpump,2026-10-02T03:06:51.227+02:00,8384.993277384612,18430.657761391336,1.0,0
2D7HMuxmReiXNxZWY5ysujjZMQB1gV6CyQuwT7Uppump,2026-10-02T03:22:15.879+02:00,13947.371916166827,15945.855921017937,1.0,0
7hbRB2XwmEsYrymYbREaqTmJHsXvkCin2ewE375qpump,2026-10-02T03:42:01.858+02:00,5217.893012367507,8016.481842787471,1.0,0
7hbRB2XwmEsYrymYbREaqTmJHsXvkCin2ewE375qpump,2026-10-02T03:54:27.694+02:00,5842.095183809698,8016.481842787471,1.0,0
Ft77Mzda3V4aNPryabgRQKsukkAEEiHjUrjV1fRxpump,2026-10-02T04:02:05.115+02:00,11036.310684542412,18866.183381760493,1.0,0
7hbRB2XwmEsYrymYbREaqTmJHsXvkCin2ewE375qpump,2026-10-02T04:02:28.489+02:00,6570.774265523239,8016.481842787471,1.0,0
2D7HMuxmReiXNxZWY5ysujjZMQB1gV6CyQuwT7Uppump,2026-10-02T04:03:32.586+02:00,13527.39015255616,15945.855921017937,1.0,0
DZ4hBjxbSJrCNB2SVi96UrRNHPaaHKSrxsMP9HE698ro,2026-10-02T04:04:13.269+02:00,6031.382769461981,10431.905138830189,1.0,0
2GU6JT1zpigtYAk3vAVwdrvHuzbPkUSxrUkHHGpGpump,2026-10-02T04:06:10.561+02:00,8517.900165755169,12203.66778295206,1.5006925346465512,0
2D7HMuxmReiXNxZWY5ysujjZMQB1gV6CyQuwT7Uppump,2026-10-02T04:06:45.148+02:00,13496.389841632881,15945.855921017937,1.0,0
Fs5s6CM2B8Eym5deiB6jK3o6MXMsdaVVbgeLNM2Apump,2026-10-02T04:07:02.422+02:00,12432.48638100217,17808.158796138894,1.6677867881728394,0
6zzzG49KX5nksnqfogs31dwoMYSHaJXkropKbv1QZVga,2026-10-02T04:23:29.727+02:00,50816.77996489897,50816.77996489897,2.9352854778420028,0
DV8WPt5mPkhtH1CC9Qe6NgYMsyw16sMBUTx3YTTogift,2026-10-02T04:24:21.556+02:00,3064.2909668235125,19829.76755243726,1.0,0
DV8WPt5mPkhtH1CC9Qe6NgYMsyw16sMBUTx3YTTogift,2026-10-02T04:24:38.829+02:00,3070.1958544765184,19829.76755243726,1.0,0
5aJmrWcYBt8qCpqrv4m91Q62bwxfrtdX18H3ZD7Qv4SM,2026-10-02T04:32:18.178+02:00,11060.610796091216,11105.59702437841,1.1469085776847352,0
Fs5s6CM2B8Eym5deiB6jK3o6MXMsdaVVbgeLNM2Apump,2026-10-02T04:40:29.923+02:00,16745.649452802936,17808.158796138894,1.6677867881728394,0
Fs5s6CM2B8Eym5deiB6jK3o6MXMsdaVVbgeLNM2Apump,2026-10-02T04:42:15.598+02:00,15754.268568516294,17808.158796138894,1.6677867881728394,0
BkzU1zCy339CYjVpSfVq5NwhVhz3UEcCrALvHKme7yka,2026-10-02T04:50:33.032+02:00,3970.7557849796494,10518.108212653735,1.0,0
6zzzG49KX5nksnqfogs31dwoMYSHaJXkropKbv1QZVga,2026-10-02T05:02:54.781+02:00,50427.65352939802,50816.77996489897,2.9352854778420028,0
2GU6JT1zpigtYAk3vAVwdrvHuzbPkUSxrUkHHGpGpump,2026-10-02T05:08:36.825+02:00,8206.512475476713,12203.66778295206,1.5006925346465512,0
EC1eBL3b16AN6zb26RcrE5CEnhuiUZR44NmR2Nqjpump,2026-10-02T05:33:00.409+02:00,5728.180893814954,19494.169464451243,1.0,0
Fs5s6CM2B8Eym5deiB6jK3o6MXMsdaVVbgeLNM2Apump,2026-10-02T05:37:59.115+02:00,14170.209569759561,17808.158796138894,1.6677867881728394,0
2GU6JT1zpigtYAk3vAVwdrvHuzbPkUSxrUkHHGpGpump,2026-10-02T05:38:46.263+02:00,7356.1566667697325,12203.66778295206,1.5006925346465512,0
5yivTC18j3ZTzFZF4RHRWBzqgPPMN5vuEkv77GPEXgqg,2026-10-02T05:43:51.445+02:00,7725.515729062362,16959.792684635082,1.0,0
27PYvsbwEh59GEvD5AHNiEMHasFouZ9soQrvwjuipump,2026-10-02T05:50:14.797+02:00,14756.632049385076,17593.58969030496,1.472391078163334,0
HqKGbna4AyHQKN23yoDd5yfTC3p81dmutuDVATBvpump,2026-10-02T05:54:45.874+02:00,4087.4124560817672,8295.320185425226,1.0,0
5aJmrWcYBt8qCpqrv4m91Q62bwxfrtdX18H3ZD7Qv4SM,2026-10-02T06:02:07.936+02:00,11150.565818437555,11150.565818437555,1.1515526409909542,0
Ft77Mzda3V4aNPryabgRQKsukkAEEiHjUrjV1fRxpump,2026-10-02T06:12:26.371+02:00,13232.932803305253,18866.183381760493,1.0,0
Ft77Mzda3V4aNPryabgRQKsukkAEEiHjUrjV1fRxpump,2026-10-02T06:13:24.380+02:00,13288.040291968931,18866.183381760493,1.0,0
Ft77Mzda3V4aNPryabgRQKsukkAEEiHjUrjV1fRxpump,2026-10-02T06:13:41.655+02:00,13619.899383075552,18866.183381760493,1.0,0
Ft77Mzda3V4aNPryabgRQKsukkAEEiHjUrjV1fRxpump,2026-10-02T06:14:58.218+02:00,12218.420482610318,18866.183381760493,1.0,0
Ft77Mzda3V4aNPryabgRQKsukkAEEiHjUrjV1fRxpump,2026-10-02T06:15:21.636+02:00,12617.630566595508,18866.183381760493,1.0,0
Ft77Mzda3V4aNPryabgRQKsukkAEEiHjUrjV1fRxpump,2026-10-02T06:15:38.918+02:00,11752.496680471886,18866.183381760493,1.0,0
EC1eBL3b16AN6zb26RcrE5CEnhuiUZR44NmR2Nqjpump,2026-10-02T06:15:56.191+02:00,5747.709681778823,19494.169464451243,1.0,0
6zzzG49KX5nksnqfogs31dwoMYSHaJXkropKbv1QZVga,2026-10-02T06:16:13.469+02:00,57664.03787606552,57664.03787606552,3.330797683132634,0
6zzzG49KX5nksnqfogs31dwoMYSHaJXkropKbv1QZVga,2026-10-02T06:16:30.748+02:00,72564.41747170844,72564.41747170844,4.1914753543985945,0
Ft77Mzda3V4aNPryabgRQKsukkAEEiHjUrjV1fRxpump,2026-10-02T06:16:30.750+02:00,11751.059979952091,18866.183381760493,1.0,0
6zzzG49KX5nksnqfogs31dwoMYSHaJXkropKbv1QZVga,2026-10-02T06:17:18.117+02:00,51483.65236976811,72564.41747170844,4.1914753543985945,0
6zzzG49KX5nksnqfogs31dwoMYSHaJXkropKbv1QZVga,2026-10-02T06:17:58.783+02:00,53591.086842041994,72564.41747170844,4.1914753543985945,0
6zzzG49KX5nksnqfogs31dwoMYSHaJXkropKbv1QZVga,2026-10-02T06:18:22.153+02:00,53138.316898921716,72564.41747170844,4.1914753543985945,0
6zzzG49KX5nksnqfogs31dwoMYSHaJXkropKbv1QZVga,2026-10-02T06:18:57.667+02:00,54024.5187746441,72564.41747170844,4.1914753543985945,0
6zzzG49KX5nksnqfogs31dwoMYSHaJXkropKbv1QZVga,2026-10-02T06:28:54.995+02:00,55755.90643905378,72564.41747170844,4.1914753543985945,0
HqKGbna4AyHQKN23yoDd5yfTC3p81dmutuDVATBvpump,2026-10-02T06:32:27.296+02:00,3779.4939373096518,8295.320185425226,1.0,0
5aJmrWcYBt8qCpqrv4m91Q62bwxfrtdX18H3ZD7Qv4SM,2026-10-02T06:33:41.897+02:00,14095.734536933298,14095.734536933298,1.4557091179958983,0
5aJmrWcYBt8qCpqrv4m91Q62bwxfrtdX18H3ZD7Qv4SM,2026-10-02T06:35:49.941+02:00,13639.01838909639,13639.01838909639,1.4085426607247191,0
BkzU1zCy339CYjVpSfVq5NwhVhz3UEcCrALvHKme7yka,2026-10-02T06:35:49.944+02:00,3954.061439848849,10518.108212653735,1.0,0
5aJmrWcYBt8qCpqrv4m91Q62bwxfrtdX18H3ZD7Qv4SM,2026-10-02T06:36:13.332+02:00,13686.338914768818,13686.338914768818,1.413429594464087,0
5aJmrWcYBt8qCpqrv4m91Q62bwxfrtdX18H3ZD7Qv4SM,2026-10-02T06:36:49.517+02:00,13946.453867278553,13946.453867278553,1.4402924519550078,0
6zzzG49KX5nksnqfogs31dwoMYSHaJXkropKbv1QZVga,2026-10-02T06:46:36.136+02:00,51092.67392447997,51092.67392447997,2.9512217007499046,0
Ft77Mzda3V4aNPryabgRQKsukkAEEiHjUrjV1fRxpump,2026-10-02T06:58:47.024+02:00,12529.788121264131,18866.183381760493,1.0,0
2GU6JT1zpigtYAk3vAVwdrvHuzbPkUSxrUkHHGpGpump,2026-10-02T07:02:14.259+02:00,6376.647600416558,8132.0240497007035,1.0,0
27PYvsbwEh59GEvD5AHNiEMHasFouZ9soQrvwjuipump,2026-10-02T07:05:37.111+02:00,15231.728310922637,15231.728310922637,1.2747291067250994,0
27PYvsbwEh59GEvD5AHNiEMHasFouZ9soQrvwjuipump,2026-10-02T07:11:02.862+02:00,15632.547665888054,15632.547665888054,1.3082733039352614,0
6zzzG49KX5nksnqfogs31dwoMYSHaJXkropKbv1QZVga,2026-10-02T07:15:18.783+02:00,53428.89143220563,53428.89143220563,3.0861666013957954,0
Fs5s6CM2B8Eym5deiB6jK3o6MXMsdaVVbgeLNM2Apump,2026-10-02T07:16:29.263+02:00,14971.901790227135,14971.901790227135,1.4021629234896533,0
DV8WPt5mPkhtH1CC9Qe6NgYMsyw16sMBUTx3YTTogift,2026-10-02T07:19:26.006+02:00,3142.247719559961,19829.76755243726,1.0,0
GfV1EQ7HxrXAw5po6sJUEMNrwdnPRDM3tHtnL3awpump,2026-10-02T07:24:13.945+02:00,8134.571351334367,8134.571351334367,1.0162250483329556,0
5aJmrWcYBt8qCpqrv4m91Q62bwxfrtdX18H3ZD7Qv4SM,2026-10-02T07:29:45.643+02:00,12767.26565432261,13946.453867278553,1.4402924519550078,0
DZ4hBjxbSJrCNB2SVi96UrRNHPaaHKSrxsMP9HE698ro,2026-10-02T07:33:10.916+02:00,5894.47009125139,10431.905138830189,1.0,0
2D7HMuxmReiXNxZWY5ysujjZMQB1gV6CyQuwT7Uppump,2026-10-02T07:38:42.457+02:00,15888.165831990571,15945.855921017937,1.0,0
7hbRB2XwmEsYrymYbREaqTmJHsXvkCin2ewE375qpump,2026-10-02T07:41:41.729+02:00,5816.02096713471,8016.481842787471,1.0,0
H2p4YcNmyQQ6dBPVv978a9LjpVPatRm2CQ3SedrXpump,2026-10-02T07:42:28.791+02:00,6147.003940570979,11067.148989241105,1.0,0
Fs5s6CM2B8Eym5deiB6jK3o6MXMsdaVVbgeLNM2Apump,2026-10-02T07:47:34.644+02:00,14074.77228106177,14971.901790227135,1.4021629234896533,0
Fs5s6CM2B8Eym5deiB6jK3o6MXMsdaVVbgeLNM2Apump,2026-10-02T07:51:40.257+02:00,14614.293139357753,14971.901790227135,1.4021629234896533,0
6zzzG49KX5nksnqfogs31dwoMYSHaJXkropKbv1QZVga,2026-10-02T08:31:35.800+02:00,46293.77077139697,46293.77077139697,2.6740268303833736,0
EC1eBL3b16AN6zb26RcrE5CEnhuiUZR44NmR2Nqjpump,2026-10-02T08:33:11.832+02:00,7720.529076206705,19494.169464451243,1.0,0
Fs5s6CM2B8Eym5deiB6jK3o6MXMsdaVVbgeLNM2Apump,2026-10-02T08:34:21.226+02:00,13582.826344904446,13582.826344904446,1.2720718960002322,0
2GU6JT1zpigtYAk3vAVwdrvHuzbPkUSxrUkHHGpGpump,2026-10-02T08:35:51.635+02:00,6648.03601486993,8132.0240497007035,1.0,0
6zzzG49KX5nksnqfogs31dwoMYSHaJXkropKbv1QZVga,2026-10-02T08:40:28.443+02:00,41572.7062396154,46293.77077139697,2.6740268303833736,0
5aJmrWcYBt8qCpqrv4m91Q62bwxfrtdX18H3ZD7Qv4SM,2026-10-02T08:43:08.017+02:00,13088.678736240006,13088.678736240006,1.351707421059938,0
Fs5s6CM2B8Eym5deiB6jK3o6MXMsdaVVbgeLNM2Apump,2026-10-02T08:45:55.038+02:00,13848.401334378712,13848.401334378712,1.2969437799375179,0
6zzzG49KX5nksnqfogs31dwoMYSHaJXkropKbv1QZVga,2026-10-02T08:47:33.678+02:00,41360.74407843058,46293.77077139697,2.6740268303833736,0
2SVkGBPF3f7zfp7v7SiSf6PSnN6DEKbCDbSo7QNkpump,2026-10-02T08:54:24.995+02:00,3305.8828091412274,8134.239578794222,1.0,0
GNSVBpfPjDBAxyZ8rPAhsNrZhk1qarqxeEEL2Rgzpump,2026-10-02T08:55:06.168+02:00,3780.9393527138927,11401.58565249294,1.0,0
BkzU1zCy339CYjVpSfVq5NwhVhz3UEcCrALvHKme7yka,2026-10-02T08:56:06.783+02:00,3913.2001355305993,10518.108212653735,1.0,0
Fs5s6CM2B8Eym5deiB6jK3o6MXMsdaVVbgeLNM2Apump,2026-10-02T08:56:48.888+02:00,12344.486564642344,13848.401334378712,1.2969437799375179,0
H2p4YcNmyQQ6dBPVv978a9LjpVPatRm2CQ3SedrXpump,2026-10-02T08:58:09.505+02:00,4751.548465970251,11067.148989241105,1.0,0
DV8WPt5mPkhtH1CC9Qe6NgYMsyw16sMBUTx3YTTogift,2026-10-02T08:59:40.959+02:00,3101.3651380385522,19829.76755243726,1.0,0
GNSVBpfPjDBAxyZ8rPAhsNrZhk1qarqxeEEL2Rgzpump,2026-10-02T09:04:19.873+02:00,4298.078857247634,11401.58565249294,1.0,0
EC1eBL3b16AN6zb26RcrE5CEnhuiUZR44NmR2Nqjpump,2026-10-02T09:10:38.088+02:00,4915.977568995742,19494.169464451243,1.0,0
GfV1EQ7HxrXAw5po6sJUEMNrwdnPRDM3tHtnL3awpump,2026-10-02T09:12:07.763+02:00,7439.824343208974,8004.6947914524935,1.0,0
6zzzG49KX5nksnqfogs31dwoMYSHaJXkropKbv1QZVga,2026-10-02T09:14:44.340+02:00,40825.11609644362,46293.77077139697,2.6740268303833736,0
EC1eBL3b16AN6zb26RcrE5CEnhuiUZR44NmR2Nqjpump,2026-10-02T09:17:31.948+02:00,4905.089007111603,19494.169464451243,1.0,0
Fs5s6CM2B8Eym5deiB6jK3o6MXMsdaVVbgeLNM2Apump,2026-10-02T09:22:59.762+02:00,12261.17587324533,13848.401334378712,1.2969437799375179,0
5aJmrWcYBt8qCpqrv4m91Q62bwxfrtdX18H3ZD7Qv4SM,2026-10-02T09:24:29.545+02:00,11191.337554597314,13088.678736240006,1.351707421059938,0
EC1eBL3b16AN6zb26RcrE5CEnhuiUZR44NmR2Nqjpump,2026-10-02T09:28:11.303+02:00,4888.5137220579945,19494.169464451243,1.0,0
Fs5s6CM2B8Eym5deiB6jK3o6MXMsdaVVbgeLNM2Apump,2026-10-02T09:40:58.494+02:00,11684.006206552898,13848.401334378712,1.2969437799375179,0
Ft77Mzda3V4aNPryabgRQKsukkAEEiHjUrjV1fRxpump,2026-10-02T09:51:24.063+02:00,12072.249831111809,18866.183381760493,1.0,0
7hbRB2XwmEsYrymYbREaqTmJHsXvkCin2ewE375qpump,2026-10-02T10:04:39.046+02:00,4897.340319093114,8016.481842787471,1.0,0
2SVkGBPF3f7zfp7v7SiSf6PSnN6DEKbCDbSo7QNkpump,2026-10-02T10:07:12.432+02:00,3278.2950958448987,8134.239578794222,1.0,0
Ft77Mzda3V4aNPryabgRQKsukkAEEiHjUrjV1fRxpump,2026-10-02T10:13:27.448+02:00,11823.301869337218,18866.183381760493,1.0,0
3qgd3piizrUN4rJ2XNJry1cZb1DYGSEPv1HKpqV5pump,2026-10-02T10:22:13.591+02:00,3434.7623594321994,8050.036740314681,1.0,0
2GU6JT1zpigtYAk3vAVwdrvHuzbPkUSxrUkHHGpGpump,2026-10-02T10:23:53.772+02:00,6757.924395860953,8132.0240497007035,1.0,0
GNSVBpfPjDBAxyZ8rPAhsNrZhk1qarqxeEEL2Rgzpump,2026-10-02T10:26:15.469+02:00,3540.084483083613,11401.58565249294,1.0,0
5aJmrWcYBt8qCpqrv4m91Q62bwxfrtdX18H3ZD7Qv4SM,2026-10-02T10:34:28.917+02:00,10587.654904047014,13088.678736240006,1.351707421059938,0
5aJmrWcYBt8qCpqrv4m91Q62bwxfrtdX18H3ZD7Qv4SM,2026-10-02T10:36:43.766+02:00,10404.28975735367,13088.678736240006,1.351707421059938,0
2GU6JT1zpigtYAk3vAVwdrvHuzbPkUSxrUkHHGpGpump,2026-10-02T10:43:11.121+02:00,7335.648702746488,8132.0240497007035,1.0,0
5aJmrWcYBt8qCpqrv4m91Q62bwxfrtdX18H3ZD7Qv4SM,2026-10-02T10:44:31.755+02:00,10570.763579170232,13088.678736240006,1.351707421059938,0
GfV1EQ7HxrXAw5po6sJUEMNrwdnPRDM3tHtnL3awpump,2026-10-02T10:53:11.438+02:00,6372.807210605039,8004.6947914524935,1.0,0
EC1eBL3b16AN6zb26RcrE5CEnhuiUZR44NmR2Nqjpump,2026-10-02T11:06:42.265+02:00,4159.391965540066,19494.169464451243,1.0,0
Fs5s6CM2B8Eym5deiB6jK3o6MXMsdaVVbgeLNM2Apump,2026-10-02T11:11:52.868+02:00,11573.860864685272,13848.401334378712,1.2969437799375179,0
2GU6JT1zpigtYAk3vAVwdrvHuzbPkUSxrUkHHGpGpump,2026-10-02T11:13:01.464+02:00,6572.78536115441,8132.0240497007035,1.0,0
5aJmrWcYBt8qCpqrv4m91Q62bwxfrtdX18H3ZD7Qv4SM,2026-10-02T11:14:35.031+02:00,10735.072129575816,13088.678736240006,1.351707421059938,0
5jwgG42npcRg7xV436DruCnB9fTLUqQ2LezYMqGApump,2026-10-02T11:15:12.312+02:00,2857.693735978733,8868.914846971165,1.0,0
6zzzG49KX5nksnqfogs31dwoMYSHaJXkropKbv1QZVga,2026-10-02T11:18:24.572+02:00,40371.313382657514,46293.77077139697,2.6740268303833736,0
2GU6JT1zpigtYAk3vAVwdrvHuzbPkUSxrUkHHGpGpump,2026-10-02T11:19:23.822+02:00,6446.475890166186,8132.0240497007035,1.0,0
9XfpZm62wSzbN6XCpu3bM4HbTHwzPYEKhqnEh3vHpump,2026-10-02T11:19:23.824+02:00,5898.069583854631,18430.657761391336,1.0,0
GfV1EQ7HxrXAw5po6sJUEMNrwdnPRDM3tHtnL3awpump,2026-10-02T11:20:03.793+02:00,6659.899452379105,8004.6947914524935,1.0,0
Ft77Mzda3V4aNPryabgRQKsukkAEEiHjUrjV1fRxpump,2026-10-02T11:22:01.579+02:00,12385.963715299613,18866.183381760493,1.0,0
GfV1EQ7HxrXAw5po6sJUEMNrwdnPRDM3tHtnL3awpump,2026-10-02T11:36:36.795+02:00,6593.12156429239,8004.6947914524935,1.0,0
27PYvsbwEh59GEvD5AHNiEMHasFouZ9soQrvwjuipump,2026-10-02T11:40:50.900+02:00,15177.132254055481,15177.132254055481,1.270160013751515,0
5aJmrWcYBt8qCpqrv4m91Q62bwxfrtdX18H3ZD7Qv4SM,2026-10-02T11:48:25.597+02:00,9714.498016547303,13088.678736240006,1.351707421059938,0
E7RPjc25KS22LFMgXKjwqZxK5WVwdGRKaUQRuVX6fWsY,2026-10-02T11:52:11.271+02:00,5480.017044191366,14819.436843764102,1.0,0
GfV1EQ7HxrXAw5po6sJUEMNrwdnPRDM3tHtnL3awpump,2026-10-02T11:53:08.681+02:00,6481.145755553738,8004.6947914524935,1.0,0
Fs5s6CM2B8Eym5deiB6jK3o6MXMsdaVVbgeLNM2Apump,2026-10-02T11:57:31.249+02:00,11724.775369474703,13848.401334378712,1.2969437799375179,0
6zzzG49KX5nksnqfogs31dwoMYSHaJXkropKbv1QZVga,2026-10-02T12:00:31.445+02:00,39980.93206973985,46293.77077139697,2.6740268303833736,0
6zzzG49KX5nksnqfogs31dwoMYSHaJXkropKbv1QZVga,2026-10-02T12:00:48.751+02:00,41722.06494557075,46293.77077139697,2.6740268303833736,0
GfV1EQ7HxrXAw5po6sJUEMNrwdnPRDM3tHtnL3awpump,2026-10-02T12:01:06.038+02:00,6025.930824942811,8004.6947914524935,1.0,0
E7RPjc25KS22LFMgXKjwqZxK5WVwdGRKaUQRuVX6fWsY,2026-10-02T12:01:40.608+02:00,6873.001078954794,14819.436843764102,1.0,0
GfV1EQ7HxrXAw5po6sJUEMNrwdnPRDM3tHtnL3awpump,2026-10-02T12:02:17.585+02:00,6124.578489200711,8004.6947914524935,1.0,0
BkzU1zCy339CYjVpSfVq5NwhVhz3UEcCrALvHKme7yka,2026-10-02T12:03:18.934+02:00,3690.7824656382454,10518.108212653735,1.0,0
E7RPjc25KS22LFMgXKjwqZxK5WVwdGRKaUQRuVX6fWsY,2026-10-02T12:04:36.357+02:00,11491.149795431818,14819.436843764102,1.0,0
E7RPjc25KS22LFMgXKjwqZxK5WVwdGRKaUQRuVX6fWsY,2026-10-02T12:04:57.309+02:00,11949.285244642791,14819.436843764102,1.0,0
E7RPjc25KS22LFMgXKjwqZxK5WVwdGRKaUQRuVX6fWsY,2026-10-02T12:06:48.958+02:00,11590.549925522437,14819.436843764102,1.0,0
6zzzG49KX5nksnqfogs31dwoMYSHaJXkropKbv1QZVga,2026-10-02T12:07:25.077+02:00,45999.66872199274,46293.77077139697,2.6740268303833736,0
E7RPjc25KS22LFMgXKjwqZxK5WVwdGRKaUQRuVX6fWsY,2026-10-02T12:08:06.813+02:00,11444.2885171169,14819.436843764102,1.0,0
6fAUjH37RajutbJvGGaGxBKhgCWP3Ce2VjV9QGz3pump,2026-10-02T12:11:16.348+02:00,4106.67282071522,8017.374937538045,1.0,0
2GU6JT1zpigtYAk3vAVwdrvHuzbPkUSxrUkHHGpGpump,2026-10-02T12:11:16.351+02:00,6176.458654660993,8132.0240497007035,1.0,0
E7RPjc25KS22LFMgXKjwqZxK5WVwdGRKaUQRuVX6fWsY,2026-10-02T12:13:39.461+02:00,8838.837348803387,14819.436843764102,1.0,0
E7RPjc25KS22LFMgXKjwqZxK5WVwdGRKaUQRuVX6fWsY,2026-10-02T12:16:26.163+02:00,9283.185750943392,14819.436843764102,1.0,0
2SVkGBPF3f7zfp7v7SiSf6PSnN6DEKbCDbSo7QNkpump,2026-10-02T12:24:41.946+02:00,3803.3023320548327,8134.239578794222,1.0,0
Fs5s6CM2B8Eym5deiB6jK3o6MXMsdaVVbgeLNM2Apump,2026-10-02T12:25:01.167+02:00,12234.431635613326,12234.431635613326,1.1457907398660296,0
GfV1EQ7HxrXAw5po6sJUEMNrwdnPRDM3tHtnL3awpump,2026-10-02T12:46:56.403+02:00,5904.295813072148,8004.6947914524935,1.0,0
6zzzG49KX5nksnqfogs31dwoMYSHaJXkropKbv1QZVga,2026-10-02T12:50:29.727+02:00,53985.35051635724,53985.35051635724,3.1183088636534926,0
2SVkGBPF3f7zfp7v7SiSf6PSnN6DEKbCDbSo7QNkpump,2026-10-02T12:53:22.309+02:00,3794.9478342508364,8134.239578794222,1.0,0
2SVkGBPF3f7zfp7v7SiSf6PSnN6DEKbCDbSo7QNkpump,2026-10-02T12:53:58.448+02:00,4095.602884961687,8134.239578794222,1.0,0
6zzzG49KX5nksnqfogs31dwoMYSHaJXkropKbv1QZVga,2026-10-02T12:54:58.506+02:00,53570.02028711413,53985.35051635724,3.1183088636534926,0
6zzzG49KX5nksnqfogs31dwoMYSHaJXkropKbv1QZVga,2026-10-02T12:55:15.774+02:00,54557.37796015571,54557.37796015571,3.151350387533371,0
6zzzG49KX5nksnqfogs31dwoMYSHaJXkropKbv1QZVga,2026-10-02T12:57:48.283+02:00,74196.0230973171,74196.0230973171,4.285720371531173,0
6zzzG49KX5nksnqfogs31dwoMYSHaJXkropKbv1QZVga,2026-10-02T12:58:22.843+02:00,69126.0666671368,74196.0230973171,4.285720371531173,0
GfV1EQ7HxrXAw5po6sJUEMNrwdnPRDM3tHtnL3awpump,2026-10-02T12:58:59.059+02:00,5833.869234549328,8004.6947914524935,1.0,0
6zzzG49KX5nksnqfogs31dwoMYSHaJXkropKbv1QZVga,2026-10-02T12:59:58.097+02:00,64219.64400589424,74196.0230973171,4.285720371531173,0
27PYvsbwEh59GEvD5AHNiEMHasFouZ9soQrvwjuipump,2026-10-02T12:59:58.100+02:00,15092.443177614074,15092.443177614074,1.2630724640947821,0
6zzzG49KX5nksnqfogs31dwoMYSHaJXkropKbv1QZVga,2026-10-02T13:00:54.726+02:00,63919.068392070076,74196.0230973171,4.285720371531173,0
27x37KmyRQJRVrD3cra6iEdpDcME4vPKziDXkb9xpump,2026-10-02T13:06:59.142+02:00,3584.5322158915,15972.493201843448,1.0,0
27PYvsbwEh59GEvD5AHNiEMHasFouZ9soQrvwjuipump,2026-10-02T13:10:44.420+02:00,15678.064906837182,15678.064906837182,1.3120825992897527,0
E7RPjc25KS22LFMgXKjwqZxK5WVwdGRKaUQRuVX6fWsY,2026-10-02T13:10:44.423+02:00,7575.731941219443,14819.436843764102,1.0,0
27PYvsbwEh59GEvD5AHNiEMHasFouZ9soQrvwjuipump,2026-10-02T13:11:06.552+02:00,15862.4448233299,15862.4448233299,1.3275131821790411,0
6zzzG49KX5nksnqfogs31dwoMYSHaJXkropKbv1QZVga,2026-10-02T13:12:55.968+02:00,63958.82624368461,74196.0230973171,4.285720371531173,0
5aJmrWcYBt8qCpqrv4m91Q62bwxfrtdX18H3ZD7Qv4SM,2026-10-02T13:13:22.862+02:00,5594.5402207667485,9683.070857136045,1.0,0
2SVkGBPF3f7zfp7v7SiSf6PSnN6DEKbCDbSo7QNkpump,2026-10-02T13:15:42.277+02:00,3967.937513594322,8134.239578794222,1.0,0
6zzzG49KX5nksnqfogs31dwoMYSHaJXkropKbv1QZVga,2026-10-02T13:16:39.749+02:00,59601.5155590658,74196.0230973171,4.285720371531173,0
6zzzG49KX5nksnqfogs31dwoMYSHaJXkropKbv1QZVga,2026-10-02T13:17:53.246+02:00,59748.17804581203,74196.0230973171,4.285720371531173,0
27PYvsbwEh59GEvD5AHNiEMHasFouZ9soQrvwjuipump,2026-10-02T13:21:02.367+02:00,15411.152795373191,15862.4448233299,1.3275131821790411,0
2GU6JT1zpigtYAk3vAVwdrvHuzbPkUSxrUkHHGpGpump,2026-10-02T13:26:11.151+02:00,6080.561990078451,8132.0240497007035,1.0,0
27PYvsbwEh59GEvD5AHNiEMHasFouZ9soQrvwjuipump,2026-10-02T13:26:47.647+02:00,15295.235597053352,15862.4448233299,1.3275131821790411,0
7hbRB2XwmEsYrymYbREaqTmJHsXvkCin2ewE375qpump,2026-10-02T13:44:37.325+02:00,4833.3207434995975,8016.481842787471,1.0,0
2SVkGBPF3f7zfp7v7SiSf6PSnN6DEKbCDbSo7QNkpump,2026-10-02T13:45:58.415+02:00,4154.058010467002,8134.239578794222,1.0,0
5aJmrWcYBt8qCpqrv4m91Q62bwxfrtdX18H3ZD7Qv4SM,2026-10-02T13:54:10.127+02:00,5604.380407370783,9683.070857136045,1.0,0
E7RPjc25KS22LFMgXKjwqZxK5WVwdGRKaUQRuVX6fWsY,2026-10-02T13:55:31.207+02:00,8222.158645256253,14819.436843764102,1.0,0
Fs5s6CM2B8Eym5deiB6jK3o6MXMsdaVVbgeLNM2Apump,2026-10-02T14:03:55.030+02:00,9013.388671954113,12234.431635613326,1.1457907398660296,0
7hbRB2XwmEsYrymYbREaqTmJHsXvkCin2ewE375qpump,2026-10-02T14:10:26.907+02:00,4824.3550684253405,8016.481842787471,1.0,0
7hbRB2XwmEsYrymYbREaqTmJHsXvkCin2ewE375qpump,2026-10-02T14:11:43.985+02:00,4408.95428394658,8016.481842787471,1.0,0
7hbRB2XwmEsYrymYbREaqTmJHsXvkCin2ewE375qpump,2026-10-02T14:14:00.529+02:00,4405.059413664237,8016.481842787471,1.0,0
2SVkGBPF3f7zfp7v7SiSf6PSnN6DEKbCDbSo7QNkpump,2026-10-02T14:17:49.843+02:00,4102.005486807981,8134.239578794222,1.0,0
2SVkGBPF3f7zfp7v7SiSf6PSnN6DEKbCDbSo7QNkpump,2026-10-02T14:18:53.279+02:00,4119.574080385712,8134.239578794222,1.0,0
9XfpZm62wSzbN6XCpu3bM4HbTHwzPYEKhqnEh3vHpump,2026-10-02T14:19:33.598+02:00,4649.778513155406,18430.657761391336,1.0,0
7hbRB2XwmEsYrymYbREaqTmJHsXvkCin2ewE375qpump,2026-10-02T14:19:56.489+02:00,4410.522800344484,8016.481842787471,1.0,0
6zzzG49KX5nksnqfogs31dwoMYSHaJXkropKbv1QZVga,2026-10-02T14:23:19.246+02:00,66726.85845534435,74196.0230973171,4.285720371531173,0
7hbRB2XwmEsYrymYbREaqTmJHsXvkCin2ewE375qpump,2026-10-02T14:23:19.249+02:00,4101.835315089893,8016.481842787471,1.0,0
6zzzG49KX5nksnqfogs31dwoMYSHaJXkropKbv1QZVga,2026-10-02T14:25:01.267+02:00,81853.42348900293,81853.42348900293,4.728028132535758,0
Fs5s6CM2B8Eym5deiB6jK3o6MXMsdaVVbgeLNM2Apump,2026-10-02T14:25:18.539+02:00,8985.920039050867,12234.431635613326,1.1457907398660296,0
Fs5s6CM2B8Eym5deiB6jK3o6MXMsdaVVbgeLNM2Apump,2026-10-02T14:25:38.306+02:00,8900.047215039238,12234.431635613326,1.1457907398660296,0
6zzzG49KX5nksnqfogs31dwoMYSHaJXkropKbv1QZVga,2026-10-02T14:27:12.736+02:00,88650.25892939765,88650.25892939765,5.1206278284876285,0
6zzzG49KX5nksnqfogs31dwoMYSHaJXkropKbv1QZVga,2026-10-02T14:27:38.815+02:00,80788.00250890017,88650.25892939765,5.1206278284876285,0
6zzzG49KX5nksnqfogs31dwoMYSHaJXkropKbv1QZVga,2026-10-02T14:30:04.740+02:00,79085.37000013,88650.25892939765,5.1206278284876285,0
6zzzG49KX5nksnqfogs31dwoMYSHaJXkropKbv1QZVga,2026-10-02T14:31:24.399+02:00,78035.79471178094,88650.25892939765,5.1206278284876285,0
6zzzG49KX5nksnqfogs31dwoMYSHaJXkropKbv1QZVga,2026-10-02T14:32:07.465+02:00,84514.75837796697,88650.25892939765,5.1206278284876285,0
GfV1EQ7HxrXAw5po6sJUEMNrwdnPRDM3tHtnL3awpump,2026-10-02T14:37:30.277+02:00,5956.378335764855,8004.6947914524935,1.0,0
7hbRB2XwmEsYrymYbREaqTmJHsXvkCin2ewE375qpump,2026-10-02T14:38:14.463+02:00,4123.008845095483,8016.481842787471,1.0,0
6zzzG49KX5nksnqfogs31dwoMYSHaJXkropKbv1QZVga,2026-10-02T14:39:19.877+02:00,76774.61945745948,88650.25892939765,5.1206278284876285,0
6zzzG49KX5nksnqfogs31dwoMYSHaJXkropKbv1QZVga,2026-10-02T14:43:54.139+02:00,82515.6572090169,88650.25892939765,5.1206278284876285,0
2GU6JT1zpigtYAk3vAVwdrvHuzbPkUSxrUkHHGpGpump,2026-10-02T14:43:54.143+02:00,5869.626323258732,8132.0240497007035,1.0,0
6zzzG49KX5nksnqfogs31dwoMYSHaJXkropKbv1QZVga,2026-10-02T14:51:31.130+02:00,86423.19766812574,88650.25892939765,5.1206278284876285,0
6zzzG49KX5nksnqfogs31dwoMYSHaJXkropKbv1QZVga,2026-10-02T14:52:23.752+02:00,92001.47881312484,92001.47881312484,5.314201428872273,0
6zzzG49KX5nksnqfogs31dwoMYSHaJXkropKbv1QZVga,2026-10-02T14:52:41.035+02:00,92561.75529165754,92561.75529165754,5.346564191962526,0
7hbRB2XwmEsYrymYbREaqTmJHsXvkCin2ewE375qpump,2026-10-02T14:55:09.281+02:00,4117.9602630863965,8016.481842787471,1.0,0
7hbRB2XwmEsYrymYbREaqTmJHsXvkCin2ewE375qpump,2026-10-02T14:56:25.747+02:00,4120.448960279024,8016.481842787471,1.0,0
6zzzG49KX5nksnqfogs31dwoMYSHaJXkropKbv1QZVga,2026-10-02T14:57:36.801+02:00,98693.09155168151,98693.09155168151,5.700723237385039,0
2GU6JT1zpigtYAk3vAVwdrvHuzbPkUSxrUkHHGpGpump,2026-10-02T16:32:24.233+02:00,5940.761053813559,8132.0240497007035,1.0,0
6zzzG49KX5nksnqfogs31dwoMYSHaJXkropKbv1QZVga,2026-10-02T16:48:32.923+02:00,109858.10829556239,109858.10829556239,6.345638392001555,0
EC1eBL3b16AN6zb26RcrE5CEnhuiUZR44NmR2Nqjpump,2026-10-02T16:49:38.411+02:00,3938.4707691332005,19494.169464451243,1.0,0
6zzzG49KX5nksnqfogs31dwoMYSHaJXkropKbv1QZVga,2026-10-02T16:49:38.413+02:00,106896.1284984769,109858.10829556239,6.345638392001555,0
DZ4hBjxbSJrCNB2SVi96UrRNHPaaHKSrxsMP9HE698ro,2026-10-02T17:04:05.691+02:00,3534.3014418622506,10431.905138830189,1.0,0
BkzU1zCy339CYjVpSfVq5NwhVhz3UEcCrALvHKme7yka,2026-10-02T17:13:32.800+02:00,3514.648317846902,10518.108212653735,1.0,0
Fs5s6CM2B8Eym5deiB6jK3o6MXMsdaVVbgeLNM2Apump,2026-10-02T17:18:41.198+02:00,7127.893982658893,12234.431635613326,1.1457907398660296,0
VYPJyPzQUmeo3z9qM6rMnfLoTzgtXjfvQgaTBqXiPCu,2026-10-02T17:21:24.862+02:00,3419.6816517239154,11719.253052433487,1.0,0
Fs5s6CM2B8Eym5deiB6jK3o6MXMsdaVVbgeLNM2Apump,2026-10-02T17:24:38.644+02:00,6965.239150182393,12234.431635613326,1.1457907398660296,0
Ft77Mzda3V4aNPryabgRQKsukkAEEiHjUrjV1fRxpump,2026-10-02T17:30:49.436+02:00,13536.275417702442,18866.183381760493,1.0,0
6zzzG49KX5nksnqfogs31dwoMYSHaJXkropKbv1QZVga,2026-10-02T17:32:31.801+02:00,91474.39511281835,109858.10829556239,6.345638392001555,0
2SVkGBPF3f7zfp7v7SiSf6PSnN6DEKbCDbSo7QNkpump,2026-10-02T17:37:29.677+02:00,3611.4391977900177,8134.239578794222,1.0,0
